run_id,model_arc,train_dataset,val_dataset,num_classes,train_trans,val_trans,train_num,val_num,epochs,max_lr,batch_size,iters/epoch,data_per_class,fils,ensembles,params,loss_func,optimizer,scheduler,epoch,lr,train_loss,train_acc,val_loss,val_acc,timestamp,timestamp_fmt,duration,duration_fmt
0,,,,,,,,,,,,,,,,,,,,,,,,,,,,,
1,,,,,,,,,,,,,,,,,,,,,,,,,,,,,
2,,,,,,,,,,,,,,,,,,,,,,,,,,,,,
3,,,,,,,,,,,,,,,,,,,,,,,,,,,,,
4,models.resnet_git_ee resnet18,cifar10_train,cifar10_val,2,"[RandomCrop(size=(32, 32), padding=4), RandomHorizontalFlip(p=0.5), RandomRotation(degrees=[-15.0, 15.0], interpolation=nearest, expand=False, fill=0), ToTensor(), Normalize(mean=[0.4913996756076813, 0.48215848207473755, 0.44653090834617615], std=[0.24703224003314972, 0.24348513782024384, 0.26158785820007324])]","[ToTensor(), Normalize(mean=[0.4913996756076813, 0.48215848207473755, 0.44653090834617615], std=[0.24703224003314972, 0.24348513782024384, 0.26158785820007324])]",10000,2000,100,0.005,128,79,5000.0,32,1,2795554,CrossEntropyLoss(),"Adam ( Parameter Group 0     amsgrad: False     betas: (0.9, 0.999)     capturable: False     differentiable: False     eps: 1e-08     foreach: None     fused: None     initial_lr: 0.005     lr: 0.005     maximize: False     weight_decay: 0 )",CosineAnnealingLR ( T_max = 100 base_lrs = [0.005] eta_min = 0 last_epoch = 0 optimizer = Adam() verbose = False ),12,0.004852201922385563,0.08658878895044327,0.9673,0.06904901421815157,0.976,1744267781.3975217,2025/04/10 15:49:41,142.21821212768555,2.4m
5,models.resnet_git_ee resnet18,cifar10_train,cifar10_val,2,"[RandomCrop(size=(32, 32), padding=4), RandomHorizontalFlip(p=0.5), RandomRotation(degrees=[-15.0, 15.0], interpolation=nearest, expand=False, fill=0), ToTensor(), Normalize(mean=[0.4913996756076813, 0.48215848207473755, 0.44653090834617615], std=[0.24703224003314972, 0.24348513782024384, 0.26158785820007324])]","[ToTensor(), Normalize(mean=[0.4913996756076813, 0.48215848207473755, 0.44653090834617615], std=[0.24703224003314972, 0.24348513782024384, 0.26158785820007324])]",10000,2000,100,0.005,128,79,5000.0,16,4,2801736,CrossEntropyLoss(),"Adam ( Parameter Group 0     amsgrad: False     betas: (0.9, 0.999)     capturable: False     differentiable: False     eps: 1e-08     foreach: None     fused: None     initial_lr: 0.005     lr: 0.005     maximize: False     weight_decay: 0 )",CosineAnnealingLR ( T_max = 100 base_lrs = [0.005] eta_min = 0 last_epoch = 0 optimizer = Adam() verbose = False ),12,0.004852201922385563,0.08669574075937271,0.9665,0.1908369751572609,0.932,1744267781.3975217,2025/04/10 15:49:41,142.21821212768555,2.4m
6,models.resnet_git_ee resnet18,cifar10_train,cifar10_val,2,"[RandomCrop(size=(32, 32), padding=4), RandomHorizontalFlip(p=0.5), RandomRotation(degrees=[-15.0, 15.0], interpolation=nearest, expand=False, fill=0), ToTensor(), Normalize(mean=[0.4913996756076813, 0.48215848207473755, 0.44653090834617615], std=[0.24703224003314972, 0.24348513782024384, 0.26158785820007324])]","[ToTensor(), Normalize(mean=[0.4913996756076813, 0.48215848207473755, 0.44653090834617615], std=[0.24703224003314972, 0.24348513782024384, 0.26158785820007324])]",10000,2000,100,0.005,128,79,5000.0,8,16,2814112,CrossEntropyLoss(),"Adam ( Parameter Group 0     amsgrad: False     betas: (0.9, 0.999)     capturable: False     differentiable: False     eps: 1e-08     foreach: None     fused: None     initial_lr: 0.005     lr: 0.005     maximize: False     weight_decay: 0 )",CosineAnnealingLR ( T_max = 100 base_lrs = [0.005] eta_min = 0 last_epoch = 0 optimizer = Adam() verbose = False ),12,0.004852201922385563,0.08163896794319153,0.9677,0.06895885778963566,0.974,1744267781.3975217,2025/04/10 15:49:41,142.21821212768555,2.4m
7,models.resnet_git_ee resnet18,cifar10_train,cifar10_val,2,"[RandomCrop(size=(32, 32), padding=4), RandomHorizontalFlip(p=0.5), RandomRotation(degrees=[-15.0, 15.0], interpolation=nearest, expand=False, fill=0), ToTensor(), Normalize(mean=[0.4913996756076813, 0.48215848207473755, 0.44653090834617615], std=[0.24703224003314972, 0.24348513782024384, 0.26158785820007324])]","[ToTensor(), Normalize(mean=[0.4913996756076813, 0.48215848207473755, 0.44653090834617615], std=[0.24703224003314972, 0.24348513782024384, 0.26158785820007324])]",10000,2000,100,0.005,128,79,5000.0,4,64,2838912,CrossEntropyLoss(),"Adam ( Parameter Group 0     amsgrad: False     betas: (0.9, 0.999)     capturable: False     differentiable: False     eps: 1e-08     foreach: None     fused: None     initial_lr: 0.005     lr: 0.005     maximize: False     weight_decay: 0 )",CosineAnnealingLR ( T_max = 100 base_lrs = [0.005] eta_min = 0 last_epoch = 0 optimizer = Adam() verbose = False ),12,0.004852201922385563,0.07980363727807999,0.9698,0.06558242202550173,0.98,1744267781.3975217,2025/04/10 15:49:41,142.21821212768555,2.4m
8,models.resnet_git_ee resnet18,cifar10_train,cifar10_val,2,"[RandomCrop(size=(32, 32), padding=4), RandomHorizontalFlip(p=0.5), RandomRotation(degrees=[-15.0, 15.0], interpolation=nearest, expand=False, fill=0), ToTensor(), Normalize(mean=[0.4913996756076813, 0.48215848207473755, 0.44653090834617615], std=[0.24703224003314972, 0.24348513782024384, 0.26158785820007324])]","[ToTensor(), Normalize(mean=[0.4913996756076813, 0.48215848207473755, 0.44653090834617615], std=[0.24703224003314972, 0.24348513782024384, 0.26158785820007324])]",10000,2000,1,0.005,128,79,5000.0,32,1,2795554,CrossEntropyLoss(),"Adam ( Parameter Group 0     amsgrad: False     betas: (0.9, 0.999)     capturable: False     differentiable: False     eps: 1e-08     foreach: None     fused: None     initial_lr: 0.005     lr: 0.005     maximize: False     weight_decay: 0 )",CosineAnnealingLR ( T_max = 1 base_lrs = [0.005] eta_min = 0 last_epoch = 0 optimizer = Adam() verbose = False ),1,0.005,0.3440961709499359,0.8639,0.26209174072742464,0.8955,1744267809.3967242,2025/04/10 15:50:09,12.833149909973145,12.8s
9,models.resnet_git_ee resnet18,cifar10_train,cifar10_val,2,"[RandomCrop(size=(32, 32), padding=4), RandomHorizontalFlip(p=0.5), RandomRotation(degrees=[-15.0, 15.0], interpolation=nearest, expand=False, fill=0), ToTensor(), Normalize(mean=[0.4913996756076813, 0.48215848207473755, 0.44653090834617615], std=[0.24703224003314972, 0.24348513782024384, 0.26158785820007324])]","[ToTensor(), Normalize(mean=[0.4913996756076813, 0.48215848207473755, 0.44653090834617615], std=[0.24703224003314972, 0.24348513782024384, 0.26158785820007324])]",10000,2000,1,0.005,128,79,5000.0,16,4,2801736,CrossEntropyLoss(),"Adam ( Parameter Group 0     amsgrad: False     betas: (0.9, 0.999)     capturable: False     differentiable: False     eps: 1e-08     foreach: None     fused: None     initial_lr: 0.005     lr: 0.005     maximize: False     weight_decay: 0 )",CosineAnnealingLR ( T_max = 1 base_lrs = [0.005] eta_min = 0 last_epoch = 0 optimizer = Adam() verbose = False ),1,0.005,0.2812785769462585,0.8827,0.303481024980545,0.8835,1744267809.3967242,2025/04/10 15:50:09,12.833149909973145,12.8s
10,models.resnet_git_ee resnet18,cifar10_train,cifar10_val,2,"[RandomCrop(size=(32, 32), padding=4), RandomHorizontalFlip(p=0.5), RandomRotation(degrees=[-15.0, 15.0], interpolation=nearest, expand=False, fill=0), ToTensor(), Normalize(mean=[0.4913996756076813, 0.48215848207473755, 0.44653090834617615], std=[0.24703224003314972, 0.24348513782024384, 0.26158785820007324])]","[ToTensor(), Normalize(mean=[0.4913996756076813, 0.48215848207473755, 0.44653090834617615], std=[0.24703224003314972, 0.24348513782024384, 0.26158785820007324])]",10000,2000,1,0.005,128,79,5000.0,8,16,2814112,CrossEntropyLoss(),"Adam ( Parameter Group 0     amsgrad: False     betas: (0.9, 0.999)     capturable: False     differentiable: False     eps: 1e-08     foreach: None     fused: None     initial_lr: 0.005     lr: 0.005     maximize: False     weight_decay: 0 )",CosineAnnealingLR ( T_max = 1 base_lrs = [0.005] eta_min = 0 last_epoch = 0 optimizer = Adam() verbose = False ),1,0.005,0.23404386370182037,0.9049,0.20501808547973632,0.9175,1744267809.3967242,2025/04/10 15:50:09,12.833149909973145,12.8s
11,models.resnet_git_ee resnet18,cifar10_train,cifar10_val,2,"[RandomCrop(size=(32, 32), padding=4), RandomHorizontalFlip(p=0.5), RandomRotation(degrees=[-15.0, 15.0], interpolation=nearest, expand=False, fill=0), ToTensor(), Normalize(mean=[0.4913996756076813, 0.48215848207473755, 0.44653090834617615], std=[0.24703224003314972, 0.24348513782024384, 0.26158785820007324])]","[ToTensor(), Normalize(mean=[0.4913996756076813, 0.48215848207473755, 0.44653090834617615], std=[0.24703224003314972, 0.24348513782024384, 0.26158785820007324])]",10000,2000,1,0.005,128,79,5000.0,4,64,2838912,CrossEntropyLoss(),"Adam ( Parameter Group 0     amsgrad: False     betas: (0.9, 0.999)     capturable: False     differentiable: False     eps: 1e-08     foreach: None     fused: None     initial_lr: 0.005     lr: 0.005     maximize: False     weight_decay: 0 )",CosineAnnealingLR ( T_max = 1 base_lrs = [0.005] eta_min = 0 last_epoch = 0 optimizer = Adam() verbose = False ),1,0.005,0.23382869780063628,0.906,0.49592287611961366,0.858,1744267809.3967242,2025/04/10 15:50:09,12.833149909973145,12.8s
12,models.resnet_git_ee resnet18,cifar10_train,cifar10_val,2,"[RandomCrop(size=(32, 32), padding=4), RandomHorizontalFlip(p=0.5), RandomRotation(degrees=[-15.0, 15.0], interpolation=nearest, expand=False, fill=0), ToTensor(), Normalize(mean=[0.4913996756076813, 0.48215848207473755, 0.44653090834617615], std=[0.24703224003314972, 0.24348513782024384, 0.26158785820007324])]","[ToTensor(), Normalize(mean=[0.4913996756076813, 0.48215848207473755, 0.44653090834617615], std=[0.24703224003314972, 0.24348513782024384, 0.26158785820007324])]",7000,2000,1,0.005,128,55,3500.0,32,1,2795554,CrossEntropyLoss(),"Adam ( Parameter Group 0     amsgrad: False     betas: (0.9, 0.999)     capturable: False     differentiable: False     eps: 1e-08     foreach: None     fused: None     initial_lr: 0.005     lr: 0.005     maximize: False     weight_decay: 0 )",CosineAnnealingLR ( T_max = 1 base_lrs = [0.005] eta_min = 0 last_epoch = 0 optimizer = Adam() verbose = False ),1,0.005,0.3750480195794787,0.8557142857142858,0.24201462066173554,0.902,1744267818.987185,2025/04/10 15:50:18,9.216300249099731,9.2s
13,models.resnet_git_ee resnet18,cifar10_train,cifar10_val,2,"[RandomCrop(size=(32, 32), padding=4), RandomHorizontalFlip(p=0.5), RandomRotation(degrees=[-15.0, 15.0], interpolation=nearest, expand=False, fill=0), ToTensor(), Normalize(mean=[0.4913996756076813, 0.48215848207473755, 0.44653090834617615], std=[0.24703224003314972, 0.24348513782024384, 0.26158785820007324])]","[ToTensor(), Normalize(mean=[0.4913996756076813, 0.48215848207473755, 0.44653090834617615], std=[0.24703224003314972, 0.24348513782024384, 0.26158785820007324])]",7000,2000,1,0.005,128,55,3500.0,16,4,2801736,CrossEntropyLoss(),"Adam ( Parameter Group 0     amsgrad: False     betas: (0.9, 0.999)     capturable: False     differentiable: False     eps: 1e-08     foreach: None     fused: None     initial_lr: 0.005     lr: 0.005     maximize: False     weight_decay: 0 )",CosineAnnealingLR ( T_max = 1 base_lrs = [0.005] eta_min = 0 last_epoch = 0 optimizer = Adam() verbose = False ),1,0.005,0.3046716076305934,0.8754285714285714,0.25716359972953795,0.905,1744267818.987185,2025/04/10 15:50:18,9.216300249099731,9.2s
14,models.resnet_git_ee resnet18,cifar10_train,cifar10_val,2,"[RandomCrop(size=(32, 32), padding=4), RandomHorizontalFlip(p=0.5), RandomRotation(degrees=[-15.0, 15.0], interpolation=nearest, expand=False, fill=0), ToTensor(), Normalize(mean=[0.4913996756076813, 0.48215848207473755, 0.44653090834617615], std=[0.24703224003314972, 0.24348513782024384, 0.26158785820007324])]","[ToTensor(), Normalize(mean=[0.4913996756076813, 0.48215848207473755, 0.44653090834617615], std=[0.24703224003314972, 0.24348513782024384, 0.26158785820007324])]",7000,2000,1,0.005,128,55,3500.0,8,16,2814112,CrossEntropyLoss(),"Adam ( Parameter Group 0     amsgrad: False     betas: (0.9, 0.999)     capturable: False     differentiable: False     eps: 1e-08     foreach: None     fused: None     initial_lr: 0.005     lr: 0.005     maximize: False     weight_decay: 0 )",CosineAnnealingLR ( T_max = 1 base_lrs = [0.005] eta_min = 0 last_epoch = 0 optimizer = Adam() verbose = False ),1,0.005,0.2614194920063019,0.8895714285714286,0.21740305268764495,0.9205,1744267818.987185,2025/04/10 15:50:18,9.216300249099731,9.2s
15,models.resnet_git_ee resnet18,cifar10_train,cifar10_val,2,"[RandomCrop(size=(32, 32), padding=4), RandomHorizontalFlip(p=0.5), RandomRotation(degrees=[-15.0, 15.0], interpolation=nearest, expand=False, fill=0), ToTensor(), Normalize(mean=[0.4913996756076813, 0.48215848207473755, 0.44653090834617615], std=[0.24703224003314972, 0.24348513782024384, 0.26158785820007324])]","[ToTensor(), Normalize(mean=[0.4913996756076813, 0.48215848207473755, 0.44653090834617615], std=[0.24703224003314972, 0.24348513782024384, 0.26158785820007324])]",7000,2000,1,0.005,128,55,3500.0,4,64,2838912,CrossEntropyLoss(),"Adam ( Parameter Group 0     amsgrad: False     betas: (0.9, 0.999)     capturable: False     differentiable: False     eps: 1e-08     foreach: None     fused: None     initial_lr: 0.005     lr: 0.005     maximize: False     weight_decay: 0 )",CosineAnnealingLR ( T_max = 1 base_lrs = [0.005] eta_min = 0 last_epoch = 0 optimizer = Adam() verbose = False ),1,0.005,0.2519331994737898,0.8947142857142857,0.6463357243537903,0.799,1744267818.987185,2025/04/10 15:50:18,9.216300249099731,9.2s
16,models.resnet_git_ee resnet18,cifar10_train,cifar10_val,2,"[RandomCrop(size=(32, 32), padding=4), RandomHorizontalFlip(p=0.5), RandomRotation(degrees=[-15.0, 15.0], interpolation=nearest, expand=False, fill=0), ToTensor(), Normalize(mean=[0.4913996756076813, 0.48215848207473755, 0.44653090834617615], std=[0.24703224003314972, 0.24348513782024384, 0.26158785820007324])]","[ToTensor(), Normalize(mean=[0.4913996756076813, 0.48215848207473755, 0.44653090834617615], std=[0.24703224003314972, 0.24348513782024384, 0.26158785820007324])]",5000,2000,2,0.005,128,40,2500.0,32,1,2795554,CrossEntropyLoss(),"Adam ( Parameter Group 0     amsgrad: False     betas: (0.9, 0.999)     capturable: False     differentiable: False     eps: 1e-08     foreach: None     fused: None     initial_lr: 0.005     lr: 0.005     maximize: False     weight_decay: 0 )",CosineAnnealingLR ( T_max = 2 base_lrs = [0.005] eta_min = 0 last_epoch = 0 optimizer = Adam() verbose = False ),2,0.0025,0.2725278489112854,0.8902,0.2525488247871399,0.905,1744267832.5102515,2025/04/10 15:50:32,13.169404745101929,13.2s
17,models.resnet_git_ee resnet18,cifar10_train,cifar10_val,2,"[RandomCrop(size=(32, 32), padding=4), RandomHorizontalFlip(p=0.5), RandomRotation(degrees=[-15.0, 15.0], interpolation=nearest, expand=False, fill=0), ToTensor(), Normalize(mean=[0.4913996756076813, 0.48215848207473755, 0.44653090834617615], std=[0.24703224003314972, 0.24348513782024384, 0.26158785820007324])]","[ToTensor(), Normalize(mean=[0.4913996756076813, 0.48215848207473755, 0.44653090834617615], std=[0.24703224003314972, 0.24348513782024384, 0.26158785820007324])]",5000,2000,2,0.005,128,40,2500.0,16,4,2801736,CrossEntropyLoss(),"Adam ( Parameter Group 0     amsgrad: False     betas: (0.9, 0.999)     capturable: False     differentiable: False     eps: 1e-08     foreach: None     fused: None     initial_lr: 0.005     lr: 0.005     maximize: False     weight_decay: 0 )",CosineAnnealingLR ( T_max = 2 base_lrs = [0.005] eta_min = 0 last_epoch = 0 optimizer = Adam() verbose = False ),2,0.0025,0.22121615839004516,0.9112,0.18673905754089357,0.9265,1744267832.5102515,2025/04/10 15:50:32,13.169404745101929,13.2s
18,models.resnet_git_ee resnet18,cifar10_train,cifar10_val,2,"[RandomCrop(size=(32, 32), padding=4), RandomHorizontalFlip(p=0.5), RandomRotation(degrees=[-15.0, 15.0], interpolation=nearest, expand=False, fill=0), ToTensor(), Normalize(mean=[0.4913996756076813, 0.48215848207473755, 0.44653090834617615], std=[0.24703224003314972, 0.24348513782024384, 0.26158785820007324])]","[ToTensor(), Normalize(mean=[0.4913996756076813, 0.48215848207473755, 0.44653090834617615], std=[0.24703224003314972, 0.24348513782024384, 0.26158785820007324])]",5000,2000,2,0.005,128,40,2500.0,8,16,2814112,CrossEntropyLoss(),"Adam ( Parameter Group 0     amsgrad: False     betas: (0.9, 0.999)     capturable: False     differentiable: False     eps: 1e-08     foreach: None     fused: None     initial_lr: 0.005     lr: 0.005     maximize: False     weight_decay: 0 )",CosineAnnealingLR ( T_max = 2 base_lrs = [0.005] eta_min = 0 last_epoch = 0 optimizer = Adam() verbose = False ),2,0.0025,0.20368967061042786,0.9202,0.1252791795730591,0.9475,1744267832.5102515,2025/04/10 15:50:32,13.169404745101929,13.2s
19,models.resnet_git_ee resnet18,cifar10_train,cifar10_val,2,"[RandomCrop(size=(32, 32), padding=4), RandomHorizontalFlip(p=0.5), RandomRotation(degrees=[-15.0, 15.0], interpolation=nearest, expand=False, fill=0), ToTensor(), Normalize(mean=[0.4913996756076813, 0.48215848207473755, 0.44653090834617615], std=[0.24703224003314972, 0.24348513782024384, 0.26158785820007324])]","[ToTensor(), Normalize(mean=[0.4913996756076813, 0.48215848207473755, 0.44653090834617615], std=[0.24703224003314972, 0.24348513782024384, 0.26158785820007324])]",5000,2000,2,0.005,128,40,2500.0,4,64,2838912,CrossEntropyLoss(),"Adam ( Parameter Group 0     amsgrad: False     betas: (0.9, 0.999)     capturable: False     differentiable: False     eps: 1e-08     foreach: None     fused: None     initial_lr: 0.005     lr: 0.005     maximize: False     weight_decay: 0 )",CosineAnnealingLR ( T_max = 2 base_lrs = [0.005] eta_min = 0 last_epoch = 0 optimizer = Adam() verbose = False ),2,0.0025,0.19374656167030335,0.9252,0.13256218731403352,0.947,1744267832.5102515,2025/04/10 15:50:32,13.169404745101929,13.2s
20,models.resnet_git_ee resnet18,cifar10_train,cifar10_val,2,"[RandomCrop(size=(32, 32), padding=4), RandomHorizontalFlip(p=0.5), RandomRotation(degrees=[-15.0, 15.0], interpolation=nearest, expand=False, fill=0), ToTensor(), Normalize(mean=[0.4913996756076813, 0.48215848207473755, 0.44653090834617615], std=[0.24703224003314972, 0.24348513782024384, 0.26158785820007324])]","[ToTensor(), Normalize(mean=[0.4913996756076813, 0.48215848207473755, 0.44653090834617615], std=[0.24703224003314972, 0.24348513782024384, 0.26158785820007324])]",3000,2000,3,0.005,128,24,1500.0,32,1,2795554,CrossEntropyLoss(),"Adam ( Parameter Group 0     amsgrad: False     betas: (0.9, 0.999)     capturable: False     differentiable: False     eps: 1e-08     foreach: None     fused: None     initial_lr: 0.005     lr: 0.005     maximize: False     weight_decay: 0 )",CosineAnnealingLR ( T_max = 3 base_lrs = [0.005] eta_min = 0 last_epoch = 0 optimizer = Adam() verbose = False ),3,0.0012500000000000005,0.23273154040177663,0.9073333333333333,0.1893993674516678,0.9205,1744267845.816735,2025/04/10 15:50:45,12.94654655456543,12.9s
21,models.resnet_git_ee resnet18,cifar10_train,cifar10_val,2,"[RandomCrop(size=(32, 32), padding=4), RandomHorizontalFlip(p=0.5), RandomRotation(degrees=[-15.0, 15.0], interpolation=nearest, expand=False, fill=0), ToTensor(), Normalize(mean=[0.4913996756076813, 0.48215848207473755, 0.44653090834617615], std=[0.24703224003314972, 0.24348513782024384, 0.26158785820007324])]","[ToTensor(), Normalize(mean=[0.4913996756076813, 0.48215848207473755, 0.44653090834617615], std=[0.24703224003314972, 0.24348513782024384, 0.26158785820007324])]",3000,2000,3,0.005,128,24,1500.0,16,4,2801736,CrossEntropyLoss(),"Adam ( Parameter Group 0     amsgrad: False     betas: (0.9, 0.999)     capturable: False     differentiable: False     eps: 1e-08     foreach: None     fused: None     initial_lr: 0.005     lr: 0.005     maximize: False     weight_decay: 0 )",CosineAnnealingLR ( T_max = 3 base_lrs = [0.005] eta_min = 0 last_epoch = 0 optimizer = Adam() verbose = False ),3,0.0012500000000000005,0.19978858431180319,0.9206666666666666,0.16749093812704086,0.9345,1744267845.816735,2025/04/10 15:50:45,12.94654655456543,12.9s
22,models.resnet_git_ee resnet18,cifar10_train,cifar10_val,2,"[RandomCrop(size=(32, 32), padding=4), RandomHorizontalFlip(p=0.5), RandomRotation(degrees=[-15.0, 15.0], interpolation=nearest, expand=False, fill=0), ToTensor(), Normalize(mean=[0.4913996756076813, 0.48215848207473755, 0.44653090834617615], std=[0.24703224003314972, 0.24348513782024384, 0.26158785820007324])]","[ToTensor(), Normalize(mean=[0.4913996756076813, 0.48215848207473755, 0.44653090834617615], std=[0.24703224003314972, 0.24348513782024384, 0.26158785820007324])]",3000,2000,3,0.005,128,24,1500.0,8,16,2814112,CrossEntropyLoss(),"Adam ( Parameter Group 0     amsgrad: False     betas: (0.9, 0.999)     capturable: False     differentiable: False     eps: 1e-08     foreach: None     fused: None     initial_lr: 0.005     lr: 0.005     maximize: False     weight_decay: 0 )",CosineAnnealingLR ( T_max = 3 base_lrs = [0.005] eta_min = 0 last_epoch = 0 optimizer = Adam() verbose = False ),3,0.0012500000000000005,0.17588247327009837,0.929,0.16804272878170012,0.9365,1744267845.816735,2025/04/10 15:50:45,12.94654655456543,12.9s
23,models.resnet_git_ee resnet18,cifar10_train,cifar10_val,2,"[RandomCrop(size=(32, 32), padding=4), RandomHorizontalFlip(p=0.5), RandomRotation(degrees=[-15.0, 15.0], interpolation=nearest, expand=False, fill=0), ToTensor(), Normalize(mean=[0.4913996756076813, 0.48215848207473755, 0.44653090834617615], std=[0.24703224003314972, 0.24348513782024384, 0.26158785820007324])]","[ToTensor(), Normalize(mean=[0.4913996756076813, 0.48215848207473755, 0.44653090834617615], std=[0.24703224003314972, 0.24348513782024384, 0.26158785820007324])]",3000,2000,3,0.005,128,24,1500.0,4,64,2838912,CrossEntropyLoss(),"Adam ( Parameter Group 0     amsgrad: False     betas: (0.9, 0.999)     capturable: False     differentiable: False     eps: 1e-08     foreach: None     fused: None     initial_lr: 0.005     lr: 0.005     maximize: False     weight_decay: 0 )",CosineAnnealingLR ( T_max = 3 base_lrs = [0.005] eta_min = 0 last_epoch = 0 optimizer = Adam() verbose = False ),3,0.0012500000000000005,0.17198488132158915,0.9316666666666666,0.13515331351757048,0.95,1744267845.816735,2025/04/10 15:50:45,12.94654655456543,12.9s
24,models.resnet_git_ee resnet18,cifar10_train,cifar10_val,2,"[RandomCrop(size=(32, 32), padding=4), RandomHorizontalFlip(p=0.5), RandomRotation(degrees=[-15.0, 15.0], interpolation=nearest, expand=False, fill=0), ToTensor(), Normalize(mean=[0.4913996756076813, 0.48215848207473755, 0.44653090834617615], std=[0.24703224003314972, 0.24348513782024384, 0.26158785820007324])]","[ToTensor(), Normalize(mean=[0.4913996756076813, 0.48215848207473755, 0.44653090834617615], std=[0.24703224003314972, 0.24348513782024384, 0.26158785820007324])]",2000,2000,5,0.005,128,16,1000.0,32,1,2795554,CrossEntropyLoss(),"Adam ( Parameter Group 0     amsgrad: False     betas: (0.9, 0.999)     capturable: False     differentiable: False     eps: 1e-08     foreach: None     fused: None     initial_lr: 0.005     lr: 0.005     maximize: False     weight_decay: 0 )",CosineAnnealingLR ( T_max = 5 base_lrs = [0.005] eta_min = 0 last_epoch = 0 optimizer = Adam() verbose = False ),5,0.0004774575140626316,0.23326925921440125,0.9045,0.21722732424736024,0.9085,1744267861.8475208,2025/04/10 15:51:01,15.664872169494629,15.7s
25,models.resnet_git_ee resnet18,cifar10_train,cifar10_val,2,"[RandomCrop(size=(32, 32), padding=4), RandomHorizontalFlip(p=0.5), RandomRotation(degrees=[-15.0, 15.0], interpolation=nearest, expand=False, fill=0), ToTensor(), Normalize(mean=[0.4913996756076813, 0.48215848207473755, 0.44653090834617615], std=[0.24703224003314972, 0.24348513782024384, 0.26158785820007324])]","[ToTensor(), Normalize(mean=[0.4913996756076813, 0.48215848207473755, 0.44653090834617615], std=[0.24703224003314972, 0.24348513782024384, 0.26158785820007324])]",2000,2000,5,0.005,128,16,1000.0,16,4,2801736,CrossEntropyLoss(),"Adam ( Parameter Group 0     amsgrad: False     betas: (0.9, 0.999)     capturable: False     differentiable: False     eps: 1e-08     foreach: None     fused: None     initial_lr: 0.005     lr: 0.005     maximize: False     weight_decay: 0 )",CosineAnnealingLR ( T_max = 5 base_lrs = [0.005] eta_min = 0 last_epoch = 0 optimizer = Adam() verbose = False ),5,0.0004774575140626316,0.16693095517158507,0.9375,0.15315622305870055,0.9425,1744267861.8475208,2025/04/10 15:51:01,15.664872169494629,15.7s
26,models.resnet_git_ee resnet18,cifar10_train,cifar10_val,2,"[RandomCrop(size=(32, 32), padding=4), RandomHorizontalFlip(p=0.5), RandomRotation(degrees=[-15.0, 15.0], interpolation=nearest, expand=False, fill=0), ToTensor(), Normalize(mean=[0.4913996756076813, 0.48215848207473755, 0.44653090834617615], std=[0.24703224003314972, 0.24348513782024384, 0.26158785820007324])]","[ToTensor(), Normalize(mean=[0.4913996756076813, 0.48215848207473755, 0.44653090834617615], std=[0.24703224003314972, 0.24348513782024384, 0.26158785820007324])]",2000,2000,5,0.005,128,16,1000.0,8,16,2814112,CrossEntropyLoss(),"Adam ( Parameter Group 0     amsgrad: False     betas: (0.9, 0.999)     capturable: False     differentiable: False     eps: 1e-08     foreach: None     fused: None     initial_lr: 0.005     lr: 0.005     maximize: False     weight_decay: 0 )",CosineAnnealingLR ( T_max = 5 base_lrs = [0.005] eta_min = 0 last_epoch = 0 optimizer = Adam() verbose = False ),5,0.0004774575140626316,0.13868975818157195,0.9445,0.12522775322198867,0.948,1744267861.8475208,2025/04/10 15:51:01,15.664872169494629,15.7s
27,models.resnet_git_ee resnet18,cifar10_train,cifar10_val,2,"[RandomCrop(size=(32, 32), padding=4), RandomHorizontalFlip(p=0.5), RandomRotation(degrees=[-15.0, 15.0], interpolation=nearest, expand=False, fill=0), ToTensor(), Normalize(mean=[0.4913996756076813, 0.48215848207473755, 0.44653090834617615], std=[0.24703224003314972, 0.24348513782024384, 0.26158785820007324])]","[ToTensor(), Normalize(mean=[0.4913996756076813, 0.48215848207473755, 0.44653090834617615], std=[0.24703224003314972, 0.24348513782024384, 0.26158785820007324])]",2000,2000,5,0.005,128,16,1000.0,4,64,2838912,CrossEntropyLoss(),"Adam ( Parameter Group 0     amsgrad: False     betas: (0.9, 0.999)     capturable: False     differentiable: False     eps: 1e-08     foreach: None     fused: None     initial_lr: 0.005     lr: 0.005     maximize: False     weight_decay: 0 )",CosineAnnealingLR ( T_max = 5 base_lrs = [0.005] eta_min = 0 last_epoch = 0 optimizer = Adam() verbose = False ),5,0.0004774575140626316,0.1312389191389084,0.9495,0.12586363446712495,0.95,1744267861.8475208,2025/04/10 15:51:01,15.664872169494629,15.7s
28,models.resnet_git_ee resnet18,cifar10_train,cifar10_val,2,"[RandomCrop(size=(32, 32), padding=4), RandomHorizontalFlip(p=0.5), RandomRotation(degrees=[-15.0, 15.0], interpolation=nearest, expand=False, fill=0), ToTensor(), Normalize(mean=[0.4913996756076813, 0.48215848207473755, 0.44653090834617615], std=[0.24703224003314972, 0.24348513782024384, 0.26158785820007324])]","[ToTensor(), Normalize(mean=[0.4913996756076813, 0.48215848207473755, 0.44653090834617615], std=[0.24703224003314972, 0.24348513782024384, 0.26158785820007324])]",1000,2000,10,0.005,128,8,500.0,32,1,2795554,CrossEntropyLoss(),"Adam ( Parameter Group 0     amsgrad: False     betas: (0.9, 0.999)     capturable: False     differentiable: False     eps: 1e-08     foreach: None     fused: None     initial_lr: 0.005     lr: 0.005     maximize: False     weight_decay: 0 )",CosineAnnealingLR ( T_max = 10 base_lrs = [0.005] eta_min = 0 last_epoch = 0 optimizer = Adam() verbose = False ),10,0.00012235870926211617,0.22073572611808776,0.905,0.21702817869186403,0.908,1744267882.6164956,2025/04/10 15:51:22,20.400498628616333,20.4s
29,models.resnet_git_ee resnet18,cifar10_train,cifar10_val,2,"[RandomCrop(size=(32, 32), padding=4), RandomHorizontalFlip(p=0.5), RandomRotation(degrees=[-15.0, 15.0], interpolation=nearest, expand=False, fill=0), ToTensor(), Normalize(mean=[0.4913996756076813, 0.48215848207473755, 0.44653090834617615], std=[0.24703224003314972, 0.24348513782024384, 0.26158785820007324])]","[ToTensor(), Normalize(mean=[0.4913996756076813, 0.48215848207473755, 0.44653090834617615], std=[0.24703224003314972, 0.24348513782024384, 0.26158785820007324])]",1000,2000,10,0.005,128,8,500.0,16,4,2801736,CrossEntropyLoss(),"Adam ( Parameter Group 0     amsgrad: False     betas: (0.9, 0.999)     capturable: False     differentiable: False     eps: 1e-08     foreach: None     fused: None     initial_lr: 0.005     lr: 0.005     maximize: False     weight_decay: 0 )",CosineAnnealingLR ( T_max = 10 base_lrs = [0.005] eta_min = 0 last_epoch = 0 optimizer = Adam() verbose = False ),10,0.00012235870926211617,0.17034361350536348,0.932,0.18872678971290588,0.9245,1744267882.6164956,2025/04/10 15:51:22,20.400498628616333,20.4s
30,models.resnet_git_ee resnet18,cifar10_train,cifar10_val,2,"[RandomCrop(size=(32, 32), padding=4), RandomHorizontalFlip(p=0.5), RandomRotation(degrees=[-15.0, 15.0], interpolation=nearest, expand=False, fill=0), ToTensor(), Normalize(mean=[0.4913996756076813, 0.48215848207473755, 0.44653090834617615], std=[0.24703224003314972, 0.24348513782024384, 0.26158785820007324])]","[ToTensor(), Normalize(mean=[0.4913996756076813, 0.48215848207473755, 0.44653090834617615], std=[0.24703224003314972, 0.24348513782024384, 0.26158785820007324])]",1000,2000,10,0.005,128,8,500.0,8,16,2814112,CrossEntropyLoss(),"Adam ( Parameter Group 0     amsgrad: False     betas: (0.9, 0.999)     capturable: False     differentiable: False     eps: 1e-08     foreach: None     fused: None     initial_lr: 0.005     lr: 0.005     maximize: False     weight_decay: 0 )",CosineAnnealingLR ( T_max = 10 base_lrs = [0.005] eta_min = 0 last_epoch = 0 optimizer = Adam() verbose = False ),10,0.00012235870926211617,0.12170178520679474,0.954,0.13691379058361053,0.9485,1744267882.6164956,2025/04/10 15:51:22,20.400498628616333,20.4s
31,models.resnet_git_ee resnet18,cifar10_train,cifar10_val,2,"[RandomCrop(size=(32, 32), padding=4), RandomHorizontalFlip(p=0.5), RandomRotation(degrees=[-15.0, 15.0], interpolation=nearest, expand=False, fill=0), ToTensor(), Normalize(mean=[0.4913996756076813, 0.48215848207473755, 0.44653090834617615], std=[0.24703224003314972, 0.24348513782024384, 0.26158785820007324])]","[ToTensor(), Normalize(mean=[0.4913996756076813, 0.48215848207473755, 0.44653090834617615], std=[0.24703224003314972, 0.24348513782024384, 0.26158785820007324])]",1000,2000,10,0.005,128,8,500.0,4,64,2838912,CrossEntropyLoss(),"Adam ( Parameter Group 0     amsgrad: False     betas: (0.9, 0.999)     capturable: False     differentiable: False     eps: 1e-08     foreach: None     fused: None     initial_lr: 0.005     lr: 0.005     maximize: False     weight_decay: 0 )",CosineAnnealingLR ( T_max = 10 base_lrs = [0.005] eta_min = 0 last_epoch = 0 optimizer = Adam() verbose = False ),10,0.00012235870926211617,0.11005374872684479,0.957,0.12340244603157044,0.9535,1744267882.6164956,2025/04/10 15:51:22,20.400498628616333,20.4s
32,models.resnet_git_ee resnet18,cifar10_train,cifar10_val,2,"[RandomCrop(size=(32, 32), padding=4), RandomHorizontalFlip(p=0.5), RandomRotation(degrees=[-15.0, 15.0], interpolation=nearest, expand=False, fill=0), ToTensor(), Normalize(mean=[0.4913996756076813, 0.48215848207473755, 0.44653090834617615], std=[0.24703224003314972, 0.24348513782024384, 0.26158785820007324])]","[ToTensor(), Normalize(mean=[0.4913996756076813, 0.48215848207473755, 0.44653090834617615], std=[0.24703224003314972, 0.24348513782024384, 0.26158785820007324])]",500,2000,20,0.005,128,4,250.0,32,1,2795554,CrossEntropyLoss(),"Adam ( Parameter Group 0     amsgrad: False     betas: (0.9, 0.999)     capturable: False     differentiable: False     eps: 1e-08     foreach: None     fused: None     initial_lr: 0.005     lr: 0.005     maximize: False     weight_decay: 0 )",CosineAnnealingLR ( T_max = 20 base_lrs = [0.005] eta_min = 0 last_epoch = 0 optimizer = Adam() verbose = False ),20,0.00003077914851215585,0.14033797347545623,0.948,0.2700533273220062,0.899,1744267912.672644,2025/04/10 15:51:52,29.578794956207275,29.6s
33,models.resnet_git_ee resnet18,cifar10_train,cifar10_val,2,"[RandomCrop(size=(32, 32), padding=4), RandomHorizontalFlip(p=0.5), RandomRotation(degrees=[-15.0, 15.0], interpolation=nearest, expand=False, fill=0), ToTensor(), Normalize(mean=[0.4913996756076813, 0.48215848207473755, 0.44653090834617615], std=[0.24703224003314972, 0.24348513782024384, 0.26158785820007324])]","[ToTensor(), Normalize(mean=[0.4913996756076813, 0.48215848207473755, 0.44653090834617615], std=[0.24703224003314972, 0.24348513782024384, 0.26158785820007324])]",500,2000,20,0.005,128,4,250.0,16,4,2801736,CrossEntropyLoss(),"Adam ( Parameter Group 0     amsgrad: False     betas: (0.9, 0.999)     capturable: False     differentiable: False     eps: 1e-08     foreach: None     fused: None     initial_lr: 0.005     lr: 0.005     maximize: False     weight_decay: 0 )",CosineAnnealingLR ( T_max = 20 base_lrs = [0.005] eta_min = 0 last_epoch = 0 optimizer = Adam() verbose = False ),20,0.00003077914851215585,0.08762236586213112,0.968,0.2181582127213478,0.922,1744267912.672644,2025/04/10 15:51:52,29.578794956207275,29.6s
34,models.resnet_git_ee resnet18,cifar10_train,cifar10_val,2,"[RandomCrop(size=(32, 32), padding=4), RandomHorizontalFlip(p=0.5), RandomRotation(degrees=[-15.0, 15.0], interpolation=nearest, expand=False, fill=0), ToTensor(), Normalize(mean=[0.4913996756076813, 0.48215848207473755, 0.44653090834617615], std=[0.24703224003314972, 0.24348513782024384, 0.26158785820007324])]","[ToTensor(), Normalize(mean=[0.4913996756076813, 0.48215848207473755, 0.44653090834617615], std=[0.24703224003314972, 0.24348513782024384, 0.26158785820007324])]",500,2000,20,0.005,128,4,250.0,8,16,2814112,CrossEntropyLoss(),"Adam ( Parameter Group 0     amsgrad: False     betas: (0.9, 0.999)     capturable: False     differentiable: False     eps: 1e-08     foreach: None     fused: None     initial_lr: 0.005     lr: 0.005     maximize: False     weight_decay: 0 )",CosineAnnealingLR ( T_max = 20 base_lrs = [0.005] eta_min = 0 last_epoch = 0 optimizer = Adam() verbose = False ),20,0.00003077914851215585,0.05658822935819626,0.978,0.18539796543121337,0.932,1744267912.672644,2025/04/10 15:51:52,29.578794956207275,29.6s
35,models.resnet_git_ee resnet18,cifar10_train,cifar10_val,2,"[RandomCrop(size=(32, 32), padding=4), RandomHorizontalFlip(p=0.5), RandomRotation(degrees=[-15.0, 15.0], interpolation=nearest, expand=False, fill=0), ToTensor(), Normalize(mean=[0.4913996756076813, 0.48215848207473755, 0.44653090834617615], std=[0.24703224003314972, 0.24348513782024384, 0.26158785820007324])]","[ToTensor(), Normalize(mean=[0.4913996756076813, 0.48215848207473755, 0.44653090834617615], std=[0.24703224003314972, 0.24348513782024384, 0.26158785820007324])]",500,2000,20,0.005,128,4,250.0,4,64,2838912,CrossEntropyLoss(),"Adam ( Parameter Group 0     amsgrad: False     betas: (0.9, 0.999)     capturable: False     differentiable: False     eps: 1e-08     foreach: None     fused: None     initial_lr: 0.005     lr: 0.005     maximize: False     weight_decay: 0 )",CosineAnnealingLR ( T_max = 20 base_lrs = [0.005] eta_min = 0 last_epoch = 0 optimizer = Adam() verbose = False ),20,0.00003077914851215585,0.05226965165138245,0.986,0.17371131885051727,0.9305,1744267912.672644,2025/04/10 15:51:52,29.578794956207275,29.6s
