Start Time,Duration,Run ID,Name,Source Type,Source Name,User,Status,dataset,ensemble_type,loss_func,mixup,model_arc,optimizer,scheduler,train_trans,val_trans,batch_size,ensembles,epoch,epochs,fils,iters_per_epoch,lr,max_lr,num_data,params,tAcc,tLoss,vAcc,vLoss
2023-12-04 18:29:36,3.9h,de8cc17eab544a8e934bde0fb3200539,1,LOCAL,/home/haselab/Documents/tat/Research/app/ee/main_hase.py,haselab,FINISHED,CIFAR10,easy,CrossEntropyLoss(),False,gitresnet_ee,"Adam (
Parameter Group 0
    amsgrad: False
    betas: (0.9, 0.999)
    capturable: False
    differentiable: False
    eps: 1e-08
    foreach: None
    fused: None
    initial_lr: 0.005
    lr: 0.005
    maximize: False
    weight_decay: 0
)","CosineAnnealingLR (
T_max = 100
base_lrs = [0.005]
eta_min = 0
last_epoch = 0
optimizer = Adam()
verbose = False
)","[RandomCrop(size=(32, 32), padding=4), RandomHorizontalFlip(p=0.5), RandomRotation(degrees=[-15.0, 15.0], interpolation=nearest, expand=False, fill=0), ToTensor(), Normalize(mean=[0.5070751592371323, 0.48654887331495095, 0.4409178433670343], std=[0.2673342858792401, 0.2564384629170883, 0.27615047132568404])]","[ToTensor(), Normalize(mean=[0.5070751592371323, 0.48654887331495095, 0.4409178433670343], std=[0.2673342858792401, 0.2564384629170883, 0.27615047132568404])]",125,2048,100,100,1,400,0.0000012335990856710008,0.005,50000,7784448,0.90714,0.2774063952639699,0.8561,1.866699701733887
2023-12-04 16:26:04,2.1h,f4bbe14951ee4ce8830cb486b83b1a5d,1,LOCAL,/home/haselab/Documents/tat/Research/app/ee/main_hase.py,haselab,FINISHED,CIFAR10,easy,CrossEntropyLoss(),False,gitresnet_ee,"Adam (
Parameter Group 0
    amsgrad: False
    betas: (0.9, 0.999)
    capturable: False
    differentiable: False
    eps: 1e-08
    foreach: None
    fused: None
    initial_lr: 0.005
    lr: 0.005
    maximize: False
    weight_decay: 0
)","CosineAnnealingLR (
T_max = 100
base_lrs = [0.005]
eta_min = 0
last_epoch = 0
optimizer = Adam()
verbose = False
)","[RandomCrop(size=(32, 32), padding=4), RandomHorizontalFlip(p=0.5), RandomRotation(degrees=[-15.0, 15.0], interpolation=nearest, expand=False, fill=0), ToTensor(), Normalize(mean=[0.5070751592371323, 0.48654887331495095, 0.4409178433670343], std=[0.2673342858792401, 0.2564384629170883, 0.27615047132568404])]","[ToTensor(), Normalize(mean=[0.5070751592371323, 0.48654887331495095, 0.4409178433670343], std=[0.2673342858792401, 0.2564384629170883, 0.27615047132568404])]",125,2048,100,100,1,200,0.0000012335990856710008,0.005,25000,7784448,0.92248,0.25007472760975363,0.8272,0.5228152506053447
2023-12-04 15:28:42,57.4min,0499fbc037fb4a74a8bd165a7fa2eeae,1,LOCAL,/home/haselab/Documents/tat/Research/app/ee/main_hase.py,haselab,FINISHED,CIFAR10,easy,CrossEntropyLoss(),False,gitresnet_ee,"Adam (
Parameter Group 0
    amsgrad: False
    betas: (0.9, 0.999)
    capturable: False
    differentiable: False
    eps: 1e-08
    foreach: None
    fused: None
    initial_lr: 0.005
    lr: 0.005
    maximize: False
    weight_decay: 0
)","CosineAnnealingLR (
T_max = 100
base_lrs = [0.005]
eta_min = 0
last_epoch = 0
optimizer = Adam()
verbose = False
)","[RandomCrop(size=(32, 32), padding=4), RandomHorizontalFlip(p=0.5), RandomRotation(degrees=[-15.0, 15.0], interpolation=nearest, expand=False, fill=0), ToTensor(), Normalize(mean=[0.5070751592371323, 0.48654887331495095, 0.4409178433670343], std=[0.2673342858792401, 0.2564384629170883, 0.27615047132568404])]","[ToTensor(), Normalize(mean=[0.5070751592371323, 0.48654887331495095, 0.4409178433670343], std=[0.2673342858792401, 0.2564384629170883, 0.27615047132568404])]",125,2048,100,100,1,80,0.0000012335990856710008,0.005,10000,7784448,0.9526,0.2028260139748454,0.7834,0.6516855575144291
2023-12-04 14:53:25,35.3min,036e3330110c4360981be50019bf6b32,1,LOCAL,/home/haselab/Documents/tat/Research/app/ee/main_hase.py,haselab,FINISHED,CIFAR10,easy,CrossEntropyLoss(),False,gitresnet_ee,"Adam (
Parameter Group 0
    amsgrad: False
    betas: (0.9, 0.999)
    capturable: False
    differentiable: False
    eps: 1e-08
    foreach: None
    fused: None
    initial_lr: 0.005
    lr: 0.005
    maximize: False
    weight_decay: 0
)","CosineAnnealingLR (
T_max = 100
base_lrs = [0.005]
eta_min = 0
last_epoch = 0
optimizer = Adam()
verbose = False
)","[RandomCrop(size=(32, 32), padding=4), RandomHorizontalFlip(p=0.5), RandomRotation(degrees=[-15.0, 15.0], interpolation=nearest, expand=False, fill=0), ToTensor(), Normalize(mean=[0.5070751592371323, 0.48654887331495095, 0.4409178433670343], std=[0.2673342858792401, 0.2564384629170883, 0.27615047132568404])]","[ToTensor(), Normalize(mean=[0.5070751592371323, 0.48654887331495095, 0.4409178433670343], std=[0.2673342858792401, 0.2564384629170883, 0.27615047132568404])]",125,2048,100,100,1,40,0.0000012335990856710008,0.005,5000,7784448,0.9718,0.18294325545430185,0.7321,0.805047319829464
2023-12-04 14:29:09,24.3min,2cb261729a5846c59bde6daff5f261ee,1,LOCAL,/home/haselab/Documents/tat/Research/app/ee/main_hase.py,haselab,FINISHED,CIFAR10,easy,CrossEntropyLoss(),False,gitresnet_ee,"Adam (
Parameter Group 0
    amsgrad: False
    betas: (0.9, 0.999)
    capturable: False
    differentiable: False
    eps: 1e-08
    foreach: None
    fused: None
    initial_lr: 0.005
    lr: 0.005
    maximize: False
    weight_decay: 0
)","CosineAnnealingLR (
T_max = 100
base_lrs = [0.005]
eta_min = 0
last_epoch = 0
optimizer = Adam()
verbose = False
)","[RandomCrop(size=(32, 32), padding=4), RandomHorizontalFlip(p=0.5), RandomRotation(degrees=[-15.0, 15.0], interpolation=nearest, expand=False, fill=0), ToTensor(), Normalize(mean=[0.5070751592371323, 0.48654887331495095, 0.4409178433670343], std=[0.2673342858792401, 0.2564384629170883, 0.27615047132568404])]","[ToTensor(), Normalize(mean=[0.5070751592371323, 0.48654887331495095, 0.4409178433670343], std=[0.2673342858792401, 0.2564384629170883, 0.27615047132568404])]",125,2048,100,100,1,20,0.0000012335990856710008,0.005,2500,7784448,0.984,0.19619815349578856,0.6804,0.9233986258506774
2023-12-04 14:11:30,17.6min,14c8092cf36143fda886bdc78cdd3fe9,1,LOCAL,/home/haselab/Documents/tat/Research/app/ee/main_hase.py,haselab,FINISHED,CIFAR10,easy,CrossEntropyLoss(),False,gitresnet_ee,"Adam (
Parameter Group 0
    amsgrad: False
    betas: (0.9, 0.999)
    capturable: False
    differentiable: False
    eps: 1e-08
    foreach: None
    fused: None
    initial_lr: 0.005
    lr: 0.005
    maximize: False
    weight_decay: 0
)","CosineAnnealingLR (
T_max = 100
base_lrs = [0.005]
eta_min = 0
last_epoch = 0
optimizer = Adam()
verbose = False
)","[RandomCrop(size=(32, 32), padding=4), RandomHorizontalFlip(p=0.5), RandomRotation(degrees=[-15.0, 15.0], interpolation=nearest, expand=False, fill=0), ToTensor(), Normalize(mean=[0.5070751592371323, 0.48654887331495095, 0.4409178433670343], std=[0.2673342858792401, 0.2564384629170883, 0.27615047132568404])]","[ToTensor(), Normalize(mean=[0.5070751592371323, 0.48654887331495095, 0.4409178433670343], std=[0.2673342858792401, 0.2564384629170883, 0.27615047132568404])]",125,2048,100,100,1,8,0.0000012335990856710008,0.005,1000,7784448,0.986,0.26415338926017284,0.5894,1.18961998000741
2023-12-04 13:56:04,15.4min,133939303b1d47ff96c24a5fa5c97263,1,LOCAL,/home/haselab/Documents/tat/Research/app/ee/main_hase.py,haselab,FINISHED,CIFAR10,easy,CrossEntropyLoss(),False,gitresnet_ee,"Adam (
Parameter Group 0
    amsgrad: False
    betas: (0.9, 0.999)
    capturable: False
    differentiable: False
    eps: 1e-08
    foreach: None
    fused: None
    initial_lr: 0.005
    lr: 0.005
    maximize: False
    weight_decay: 0
)","CosineAnnealingLR (
T_max = 100
base_lrs = [0.005]
eta_min = 0
last_epoch = 0
optimizer = Adam()
verbose = False
)","[RandomCrop(size=(32, 32), padding=4), RandomHorizontalFlip(p=0.5), RandomRotation(degrees=[-15.0, 15.0], interpolation=nearest, expand=False, fill=0), ToTensor(), Normalize(mean=[0.5070751592371323, 0.48654887331495095, 0.4409178433670343], std=[0.2673342858792401, 0.2564384629170883, 0.27615047132568404])]","[ToTensor(), Normalize(mean=[0.5070751592371323, 0.48654887331495095, 0.4409178433670343], std=[0.2673342858792401, 0.2564384629170883, 0.27615047132568404])]",125,2048,100,100,1,4,0.0000012335990856710008,0.005,500,7784448,0.978,0.4151609539985657,0.507,1.3595926970243455
2023-12-04 13:42:24,13.7min,047e90f50761466cb8e8f702a0726499,1,LOCAL,/home/haselab/Documents/tat/Research/app/ee/main_hase.py,haselab,FINISHED,CIFAR10,easy,CrossEntropyLoss(),False,gitresnet_ee,"Adam (
Parameter Group 0
    amsgrad: False
    betas: (0.9, 0.999)
    capturable: False
    differentiable: False
    eps: 1e-08
    foreach: None
    fused: None
    initial_lr: 0.005
    lr: 0.005
    maximize: False
    weight_decay: 0
)","CosineAnnealingLR (
T_max = 100
base_lrs = [0.005]
eta_min = 0
last_epoch = 0
optimizer = Adam()
verbose = False
)","[RandomCrop(size=(32, 32), padding=4), RandomHorizontalFlip(p=0.5), RandomRotation(degrees=[-15.0, 15.0], interpolation=nearest, expand=False, fill=0), ToTensor(), Normalize(mean=[0.5070751592371323, 0.48654887331495095, 0.4409178433670343], std=[0.2673342858792401, 0.2564384629170883, 0.27615047132568404])]","[ToTensor(), Normalize(mean=[0.5070751592371323, 0.48654887331495095, 0.4409178433670343], std=[0.2673342858792401, 0.2564384629170883, 0.27615047132568404])]",125,2048,100,100,1,1,0.0000012335990856710008,0.005,100,7784448,0.8,1.1750580072402954,0.2955,1.9601171612739563
2023-12-04 09:28:32,4.2h,63a01f9d106d4488a528fdfcd610cb58,2,LOCAL,/home/haselab/Documents/tat/Research/app/ee/main_hase.py,haselab,FINISHED,CIFAR10,easy,CrossEntropyLoss(),False,gitresnet_ee,"Adam (
Parameter Group 0
    amsgrad: False
    betas: (0.9, 0.999)
    capturable: False
    differentiable: False
    eps: 1e-08
    foreach: None
    fused: None
    initial_lr: 0.005
    lr: 0.005
    maximize: False
    weight_decay: 0
)","CosineAnnealingLR (
T_max = 100
base_lrs = [0.005]
eta_min = 0
last_epoch = 0
optimizer = Adam()
verbose = False
)","[RandomCrop(size=(32, 32), padding=4), RandomHorizontalFlip(p=0.5), RandomRotation(degrees=[-15.0, 15.0], interpolation=nearest, expand=False, fill=0), ToTensor(), Normalize(mean=[0.5070751592371323, 0.48654887331495095, 0.4409178433670343], std=[0.2673342858792401, 0.2564384629170883, 0.27615047132568404])]","[ToTensor(), Normalize(mean=[0.5070751592371323, 0.48654887331495095, 0.4409178433670343], std=[0.2673342858792401, 0.2564384629170883, 0.27615047132568404])]",125,1024,100,100,2,400,0.0000012335990856710008,0.005,50000,13260800,0.92438,0.220833235476166,0.8621,0.4414566643536091
2023-12-04 07:14:31,2.2h,842ce3c4609b432eafd795285ea1cae5,2,LOCAL,/home/haselab/Documents/tat/Research/app/ee/main_hase.py,haselab,FINISHED,CIFAR10,easy,CrossEntropyLoss(),False,gitresnet_ee,"Adam (
Parameter Group 0
    amsgrad: False
    betas: (0.9, 0.999)
    capturable: False
    differentiable: False
    eps: 1e-08
    foreach: None
    fused: None
    initial_lr: 0.005
    lr: 0.005
    maximize: False
    weight_decay: 0
)","CosineAnnealingLR (
T_max = 100
base_lrs = [0.005]
eta_min = 0
last_epoch = 0
optimizer = Adam()
verbose = False
)","[RandomCrop(size=(32, 32), padding=4), RandomHorizontalFlip(p=0.5), RandomRotation(degrees=[-15.0, 15.0], interpolation=nearest, expand=False, fill=0), ToTensor(), Normalize(mean=[0.5070751592371323, 0.48654887331495095, 0.4409178433670343], std=[0.2673342858792401, 0.2564384629170883, 0.27615047132568404])]","[ToTensor(), Normalize(mean=[0.5070751592371323, 0.48654887331495095, 0.4409178433670343], std=[0.2673342858792401, 0.2564384629170883, 0.27615047132568404])]",125,1024,100,100,2,200,0.0000012335990856710008,0.005,25000,13260800,0.94128,0.18416833464056254,0.8335,0.5406518802046776
2023-12-04 06:12:24,1.0h,d4e34a26aafb44458cf744b36fbacef3,2,LOCAL,/home/haselab/Documents/tat/Research/app/ee/main_hase.py,haselab,FINISHED,CIFAR10,easy,CrossEntropyLoss(),False,gitresnet_ee,"Adam (
Parameter Group 0
    amsgrad: False
    betas: (0.9, 0.999)
    capturable: False
    differentiable: False
    eps: 1e-08
    foreach: None
    fused: None
    initial_lr: 0.005
    lr: 0.005
    maximize: False
    weight_decay: 0
)","CosineAnnealingLR (
T_max = 100
base_lrs = [0.005]
eta_min = 0
last_epoch = 0
optimizer = Adam()
verbose = False
)","[RandomCrop(size=(32, 32), padding=4), RandomHorizontalFlip(p=0.5), RandomRotation(degrees=[-15.0, 15.0], interpolation=nearest, expand=False, fill=0), ToTensor(), Normalize(mean=[0.5070751592371323, 0.48654887331495095, 0.4409178433670343], std=[0.2673342858792401, 0.2564384629170883, 0.27615047132568404])]","[ToTensor(), Normalize(mean=[0.5070751592371323, 0.48654887331495095, 0.4409178433670343], std=[0.2673342858792401, 0.2564384629170883, 0.27615047132568404])]",125,1024,100,100,2,80,0.0000012335990856710008,0.005,10000,13260800,0.9683,0.1328889106400311,0.7677,0.753241328895092
2023-12-04 05:34:15,38.2min,5c51bd91b6c8418e9c33a6d9ffbb252f,2,LOCAL,/home/haselab/Documents/tat/Research/app/ee/main_hase.py,haselab,FINISHED,CIFAR10,easy,CrossEntropyLoss(),False,gitresnet_ee,"Adam (
Parameter Group 0
    amsgrad: False
    betas: (0.9, 0.999)
    capturable: False
    differentiable: False
    eps: 1e-08
    foreach: None
    fused: None
    initial_lr: 0.005
    lr: 0.005
    maximize: False
    weight_decay: 0
)","CosineAnnealingLR (
T_max = 100
base_lrs = [0.005]
eta_min = 0
last_epoch = 0
optimizer = Adam()
verbose = False
)","[RandomCrop(size=(32, 32), padding=4), RandomHorizontalFlip(p=0.5), RandomRotation(degrees=[-15.0, 15.0], interpolation=nearest, expand=False, fill=0), ToTensor(), Normalize(mean=[0.5070751592371323, 0.48654887331495095, 0.4409178433670343], std=[0.2673342858792401, 0.2564384629170883, 0.27615047132568404])]","[ToTensor(), Normalize(mean=[0.5070751592371323, 0.48654887331495095, 0.4409178433670343], std=[0.2673342858792401, 0.2564384629170883, 0.27615047132568404])]",125,1024,100,100,2,40,0.0000012335990856710008,0.005,5000,13260800,0.9876,0.0953245522454381,0.726,0.9051822774112225
2023-12-04 05:08:04,26.2min,af0a3dc3303641cdbe77f3aab49d6902,2,LOCAL,/home/haselab/Documents/tat/Research/app/ee/main_hase.py,haselab,FINISHED,CIFAR10,easy,CrossEntropyLoss(),False,gitresnet_ee,"Adam (
Parameter Group 0
    amsgrad: False
    betas: (0.9, 0.999)
    capturable: False
    differentiable: False
    eps: 1e-08
    foreach: None
    fused: None
    initial_lr: 0.005
    lr: 0.005
    maximize: False
    weight_decay: 0
)","CosineAnnealingLR (
T_max = 100
base_lrs = [0.005]
eta_min = 0
last_epoch = 0
optimizer = Adam()
verbose = False
)","[RandomCrop(size=(32, 32), padding=4), RandomHorizontalFlip(p=0.5), RandomRotation(degrees=[-15.0, 15.0], interpolation=nearest, expand=False, fill=0), ToTensor(), Normalize(mean=[0.5070751592371323, 0.48654887331495095, 0.4409178433670343], std=[0.2673342858792401, 0.2564384629170883, 0.27615047132568404])]","[ToTensor(), Normalize(mean=[0.5070751592371323, 0.48654887331495095, 0.4409178433670343], std=[0.2673342858792401, 0.2564384629170883, 0.27615047132568404])]",125,1024,100,100,2,20,0.0000012335990856710008,0.005,2500,13260800,0.9976,0.05701419375836849,0.6598,1.1096538931131363
2023-12-04 04:49:06,19.0min,2662ada97b754674839d2ab089e554e9,2,LOCAL,/home/haselab/Documents/tat/Research/app/ee/main_hase.py,haselab,FINISHED,CIFAR10,easy,CrossEntropyLoss(),False,gitresnet_ee,"Adam (
Parameter Group 0
    amsgrad: False
    betas: (0.9, 0.999)
    capturable: False
    differentiable: False
    eps: 1e-08
    foreach: None
    fused: None
    initial_lr: 0.005
    lr: 0.005
    maximize: False
    weight_decay: 0
)","CosineAnnealingLR (
T_max = 100
base_lrs = [0.005]
eta_min = 0
last_epoch = 0
optimizer = Adam()
verbose = False
)","[RandomCrop(size=(32, 32), padding=4), RandomHorizontalFlip(p=0.5), RandomRotation(degrees=[-15.0, 15.0], interpolation=nearest, expand=False, fill=0), ToTensor(), Normalize(mean=[0.5070751592371323, 0.48654887331495095, 0.4409178433670343], std=[0.2673342858792401, 0.2564384629170883, 0.27615047132568404])]","[ToTensor(), Normalize(mean=[0.5070751592371323, 0.48654887331495095, 0.4409178433670343], std=[0.2673342858792401, 0.2564384629170883, 0.27615047132568404])]",125,1024,100,100,2,8,0.0000012335990856710008,0.005,1000,13260800,1,0.04515891568735242,0.5711,1.3644738897681237
2023-12-04 04:32:31,16.6min,e342090fe4a442ec8ed8fb56d2385853,2,LOCAL,/home/haselab/Documents/tat/Research/app/ee/main_hase.py,haselab,FINISHED,CIFAR10,easy,CrossEntropyLoss(),False,gitresnet_ee,"Adam (
Parameter Group 0
    amsgrad: False
    betas: (0.9, 0.999)
    capturable: False
    differentiable: False
    eps: 1e-08
    foreach: None
    fused: None
    initial_lr: 0.005
    lr: 0.005
    maximize: False
    weight_decay: 0
)","CosineAnnealingLR (
T_max = 100
base_lrs = [0.005]
eta_min = 0
last_epoch = 0
optimizer = Adam()
verbose = False
)","[RandomCrop(size=(32, 32), padding=4), RandomHorizontalFlip(p=0.5), RandomRotation(degrees=[-15.0, 15.0], interpolation=nearest, expand=False, fill=0), ToTensor(), Normalize(mean=[0.5070751592371323, 0.48654887331495095, 0.4409178433670343], std=[0.2673342858792401, 0.2564384629170883, 0.27615047132568404])]","[ToTensor(), Normalize(mean=[0.5070751592371323, 0.48654887331495095, 0.4409178433670343], std=[0.2673342858792401, 0.2564384629170883, 0.27615047132568404])]",125,1024,100,100,2,4,0.0000012335990856710008,0.005,500,13260800,1,0.05907145142555237,0.5037,1.4678052976727485
2023-12-04 04:17:52,14.7min,1c3d15f7f239470ea3e3a99aa062b189,2,LOCAL,/home/haselab/Documents/tat/Research/app/ee/main_hase.py,haselab,FINISHED,CIFAR10,easy,CrossEntropyLoss(),False,gitresnet_ee,"Adam (
Parameter Group 0
    amsgrad: False
    betas: (0.9, 0.999)
    capturable: False
    differentiable: False
    eps: 1e-08
    foreach: None
    fused: None
    initial_lr: 0.005
    lr: 0.005
    maximize: False
    weight_decay: 0
)","CosineAnnealingLR (
T_max = 100
base_lrs = [0.005]
eta_min = 0
last_epoch = 0
optimizer = Adam()
verbose = False
)","[RandomCrop(size=(32, 32), padding=4), RandomHorizontalFlip(p=0.5), RandomRotation(degrees=[-15.0, 15.0], interpolation=nearest, expand=False, fill=0), ToTensor(), Normalize(mean=[0.5070751592371323, 0.48654887331495095, 0.4409178433670343], std=[0.2673342858792401, 0.2564384629170883, 0.27615047132568404])]","[ToTensor(), Normalize(mean=[0.5070751592371323, 0.48654887331495095, 0.4409178433670343], std=[0.2673342858792401, 0.2564384629170883, 0.27615047132568404])]",125,1024,100,100,2,1,0.0000012335990856710008,0.005,100,13260800,1,0.28482964634895325,0.3143,1.9020217940211297
2023-12-04 02:05:02,2.2h,a062b3a7ba3541658daf0f4e5d0518c3,4,LOCAL,/home/haselab/Documents/tat/Research/app/ee/main_hase.py,haselab,FINISHED,CIFAR10,easy,CrossEntropyLoss(),False,gitresnet_ee,"Adam (
Parameter Group 0
    amsgrad: False
    betas: (0.9, 0.999)
    capturable: False
    differentiable: False
    eps: 1e-08
    foreach: None
    fused: None
    initial_lr: 0.005
    lr: 0.005
    maximize: False
    weight_decay: 0
)","CosineAnnealingLR (
T_max = 100
base_lrs = [0.005]
eta_min = 0
last_epoch = 0
optimizer = Adam()
verbose = False
)","[RandomCrop(size=(32, 32), padding=4), RandomHorizontalFlip(p=0.5), RandomRotation(degrees=[-15.0, 15.0], interpolation=nearest, expand=False, fill=0), ToTensor(), Normalize(mean=[0.5070751592371323, 0.48654887331495095, 0.4409178433670343], std=[0.2673342858792401, 0.2564384629170883, 0.27615047132568404])]","[ToTensor(), Normalize(mean=[0.5070751592371323, 0.48654887331495095, 0.4409178433670343], std=[0.2673342858792401, 0.2564384629170883, 0.27615047132568404])]",125,256,100,100,4,400,0.0000012335990856710008,0.005,50000,12183552,0.94308,0.16776828172616662,0.8716,0.4368760043755174
2023-12-04 00:54:54,1.2h,112d3160df064ad892f01f16798ec35e,4,LOCAL,/home/haselab/Documents/tat/Research/app/ee/main_hase.py,haselab,FINISHED,CIFAR10,easy,CrossEntropyLoss(),False,gitresnet_ee,"Adam (
Parameter Group 0
    amsgrad: False
    betas: (0.9, 0.999)
    capturable: False
    differentiable: False
    eps: 1e-08
    foreach: None
    fused: None
    initial_lr: 0.005
    lr: 0.005
    maximize: False
    weight_decay: 0
)","CosineAnnealingLR (
T_max = 100
base_lrs = [0.005]
eta_min = 0
last_epoch = 0
optimizer = Adam()
verbose = False
)","[RandomCrop(size=(32, 32), padding=4), RandomHorizontalFlip(p=0.5), RandomRotation(degrees=[-15.0, 15.0], interpolation=nearest, expand=False, fill=0), ToTensor(), Normalize(mean=[0.5070751592371323, 0.48654887331495095, 0.4409178433670343], std=[0.2673342858792401, 0.2564384629170883, 0.27615047132568404])]","[ToTensor(), Normalize(mean=[0.5070751592371323, 0.48654887331495095, 0.4409178433670343], std=[0.2673342858792401, 0.2564384629170883, 0.27615047132568404])]",125,256,100,100,4,200,0.0000012335990856710008,0.005,25000,12183552,0.94196,0.1758388939872384,0.837,0.5712473154067993
2023-12-04 00:22:24,32.5min,93b3adb3a521487f927025a75e373372,4,LOCAL,/home/haselab/Documents/tat/Research/app/ee/main_hase.py,haselab,FINISHED,CIFAR10,easy,CrossEntropyLoss(),False,gitresnet_ee,"Adam (
Parameter Group 0
    amsgrad: False
    betas: (0.9, 0.999)
    capturable: False
    differentiable: False
    eps: 1e-08
    foreach: None
    fused: None
    initial_lr: 0.005
    lr: 0.005
    maximize: False
    weight_decay: 0
)","CosineAnnealingLR (
T_max = 100
base_lrs = [0.005]
eta_min = 0
last_epoch = 0
optimizer = Adam()
verbose = False
)","[RandomCrop(size=(32, 32), padding=4), RandomHorizontalFlip(p=0.5), RandomRotation(degrees=[-15.0, 15.0], interpolation=nearest, expand=False, fill=0), ToTensor(), Normalize(mean=[0.5070751592371323, 0.48654887331495095, 0.4409178433670343], std=[0.2673342858792401, 0.2564384629170883, 0.27615047132568404])]","[ToTensor(), Normalize(mean=[0.5070751592371323, 0.48654887331495095, 0.4409178433670343], std=[0.2673342858792401, 0.2564384629170883, 0.27615047132568404])]",125,256,100,100,4,80,0.0000012335990856710008,0.005,10000,12183552,0.9622,0.1368348035030067,0.7602,0.8630947358906269
2023-12-04 00:02:26,20.0min,2c2facbebfb846e6938f1345250c5a99,4,LOCAL,/home/haselab/Documents/tat/Research/app/ee/main_hase.py,haselab,FINISHED,CIFAR10,easy,CrossEntropyLoss(),False,gitresnet_ee,"Adam (
Parameter Group 0
    amsgrad: False
    betas: (0.9, 0.999)
    capturable: False
    differentiable: False
    eps: 1e-08
    foreach: None
    fused: None
    initial_lr: 0.005
    lr: 0.005
    maximize: False
    weight_decay: 0
)","CosineAnnealingLR (
T_max = 100
base_lrs = [0.005]
eta_min = 0
last_epoch = 0
optimizer = Adam()
verbose = False
)","[RandomCrop(size=(32, 32), padding=4), RandomHorizontalFlip(p=0.5), RandomRotation(degrees=[-15.0, 15.0], interpolation=nearest, expand=False, fill=0), ToTensor(), Normalize(mean=[0.5070751592371323, 0.48654887331495095, 0.4409178433670343], std=[0.2673342858792401, 0.2564384629170883, 0.27615047132568404])]","[ToTensor(), Normalize(mean=[0.5070751592371323, 0.48654887331495095, 0.4409178433670343], std=[0.2673342858792401, 0.2564384629170883, 0.27615047132568404])]",125,256,100,100,4,40,0.0000012335990856710008,0.005,5000,12183552,0.9852,0.08947653556242585,0.6961,1.1364421665668487
2023-12-03 23:48:45,13.7min,15a272b3ccc745ba9c70f18122f7129d,4,LOCAL,/home/haselab/Documents/tat/Research/app/ee/main_hase.py,haselab,FINISHED,CIFAR10,easy,CrossEntropyLoss(),False,gitresnet_ee,"Adam (
Parameter Group 0
    amsgrad: False
    betas: (0.9, 0.999)
    capturable: False
    differentiable: False
    eps: 1e-08
    foreach: None
    fused: None
    initial_lr: 0.005
    lr: 0.005
    maximize: False
    weight_decay: 0
)","CosineAnnealingLR (
T_max = 100
base_lrs = [0.005]
eta_min = 0
last_epoch = 0
optimizer = Adam()
verbose = False
)","[RandomCrop(size=(32, 32), padding=4), RandomHorizontalFlip(p=0.5), RandomRotation(degrees=[-15.0, 15.0], interpolation=nearest, expand=False, fill=0), ToTensor(), Normalize(mean=[0.5070751592371323, 0.48654887331495095, 0.4409178433670343], std=[0.2673342858792401, 0.2564384629170883, 0.27615047132568404])]","[ToTensor(), Normalize(mean=[0.5070751592371323, 0.48654887331495095, 0.4409178433670343], std=[0.2673342858792401, 0.2564384629170883, 0.27615047132568404])]",125,256,100,100,4,20,0.0000012335990856710008,0.005,2500,12183552,0.9956,0.056357760541141035,0.6215,1.4306919984519482
2023-12-03 23:38:49,9.9min,ac4dfb3f2e4e4b3fa47187b9b89c369c,4,LOCAL,/home/haselab/Documents/tat/Research/app/ee/main_hase.py,haselab,FINISHED,CIFAR10,easy,CrossEntropyLoss(),False,gitresnet_ee,"Adam (
Parameter Group 0
    amsgrad: False
    betas: (0.9, 0.999)
    capturable: False
    differentiable: False
    eps: 1e-08
    foreach: None
    fused: None
    initial_lr: 0.005
    lr: 0.005
    maximize: False
    weight_decay: 0
)","CosineAnnealingLR (
T_max = 100
base_lrs = [0.005]
eta_min = 0
last_epoch = 0
optimizer = Adam()
verbose = False
)","[RandomCrop(size=(32, 32), padding=4), RandomHorizontalFlip(p=0.5), RandomRotation(degrees=[-15.0, 15.0], interpolation=nearest, expand=False, fill=0), ToTensor(), Normalize(mean=[0.5070751592371323, 0.48654887331495095, 0.4409178433670343], std=[0.2673342858792401, 0.2564384629170883, 0.27615047132568404])]","[ToTensor(), Normalize(mean=[0.5070751592371323, 0.48654887331495095, 0.4409178433670343], std=[0.2673342858792401, 0.2564384629170883, 0.27615047132568404])]",125,256,100,100,4,8,0.0000012335990856710008,0.005,1000,12183552,1,0.018358998699113727,0.5374,1.7156881719827652
2023-12-03 23:30:09,8.7min,c457051cddcc4449badebebb888568cf,4,LOCAL,/home/haselab/Documents/tat/Research/app/ee/main_hase.py,haselab,FINISHED,CIFAR10,easy,CrossEntropyLoss(),False,gitresnet_ee,"Adam (
Parameter Group 0
    amsgrad: False
    betas: (0.9, 0.999)
    capturable: False
    differentiable: False
    eps: 1e-08
    foreach: None
    fused: None
    initial_lr: 0.005
    lr: 0.005
    maximize: False
    weight_decay: 0
)","CosineAnnealingLR (
T_max = 100
base_lrs = [0.005]
eta_min = 0
last_epoch = 0
optimizer = Adam()
verbose = False
)","[RandomCrop(size=(32, 32), padding=4), RandomHorizontalFlip(p=0.5), RandomRotation(degrees=[-15.0, 15.0], interpolation=nearest, expand=False, fill=0), ToTensor(), Normalize(mean=[0.5070751592371323, 0.48654887331495095, 0.4409178433670343], std=[0.2673342858792401, 0.2564384629170883, 0.27615047132568404])]","[ToTensor(), Normalize(mean=[0.5070751592371323, 0.48654887331495095, 0.4409178433670343], std=[0.2673342858792401, 0.2564384629170883, 0.27615047132568404])]",125,256,100,100,4,4,0.0000012335990856710008,0.005,500,12183552,1,0.012283135438337922,0.4554,1.9045118138194084
2023-12-03 23:22:29,7.7min,7926f759728a4ff9ac13dbc75a8a1ab9,4,LOCAL,/home/haselab/Documents/tat/Research/app/ee/main_hase.py,haselab,FINISHED,CIFAR10,easy,CrossEntropyLoss(),False,gitresnet_ee,"Adam (
Parameter Group 0
    amsgrad: False
    betas: (0.9, 0.999)
    capturable: False
    differentiable: False
    eps: 1e-08
    foreach: None
    fused: None
    initial_lr: 0.005
    lr: 0.005
    maximize: False
    weight_decay: 0
)","CosineAnnealingLR (
T_max = 100
base_lrs = [0.005]
eta_min = 0
last_epoch = 0
optimizer = Adam()
verbose = False
)","[RandomCrop(size=(32, 32), padding=4), RandomHorizontalFlip(p=0.5), RandomRotation(degrees=[-15.0, 15.0], interpolation=nearest, expand=False, fill=0), ToTensor(), Normalize(mean=[0.5070751592371323, 0.48654887331495095, 0.4409178433670343], std=[0.2673342858792401, 0.2564384629170883, 0.27615047132568404])]","[ToTensor(), Normalize(mean=[0.5070751592371323, 0.48654887331495095, 0.4409178433670343], std=[0.2673342858792401, 0.2564384629170883, 0.27615047132568404])]",125,256,100,100,4,1,0.0000012335990856710008,0.005,100,12183552,1,0.02473914623260498,0.2989,2.214771071076393
2023-12-03 22:15:59,1.1h,db170e0dd9994820928cd3fc9bf7f6d3,8,LOCAL,/home/haselab/Documents/tat/Research/app/ee/main_hase.py,haselab,FINISHED,CIFAR10,easy,CrossEntropyLoss(),False,gitresnet_ee,"Adam (
Parameter Group 0
    amsgrad: False
    betas: (0.9, 0.999)
    capturable: False
    differentiable: False
    eps: 1e-08
    foreach: None
    fused: None
    initial_lr: 0.005
    lr: 0.005
    maximize: False
    weight_decay: 0
)","CosineAnnealingLR (
T_max = 100
base_lrs = [0.005]
eta_min = 0
last_epoch = 0
optimizer = Adam()
verbose = False
)","[RandomCrop(size=(32, 32), padding=4), RandomHorizontalFlip(p=0.5), RandomRotation(degrees=[-15.0, 15.0], interpolation=nearest, expand=False, fill=0), ToTensor(), Normalize(mean=[0.5070751592371323, 0.48654887331495095, 0.4409178433670343], std=[0.2673342858792401, 0.2564384629170883, 0.27615047132568404])]","[ToTensor(), Normalize(mean=[0.5070751592371323, 0.48654887331495095, 0.4409178433670343], std=[0.2673342858792401, 0.2564384629170883, 0.27615047132568404])]",125,64,100,100,8,400,0.0000012335990856710008,0.005,50000,11664128,0.96636,0.09684559185989201,0.883,0.43587921317666767
2023-12-03 21:41:02,34.9min,360aa62783d24434877788b6cdaffea0,8,LOCAL,/home/haselab/Documents/tat/Research/app/ee/main_hase.py,haselab,FINISHED,CIFAR10,easy,CrossEntropyLoss(),False,gitresnet_ee,"Adam (
Parameter Group 0
    amsgrad: False
    betas: (0.9, 0.999)
    capturable: False
    differentiable: False
    eps: 1e-08
    foreach: None
    fused: None
    initial_lr: 0.005
    lr: 0.005
    maximize: False
    weight_decay: 0
)","CosineAnnealingLR (
T_max = 100
base_lrs = [0.005]
eta_min = 0
last_epoch = 0
optimizer = Adam()
verbose = False
)","[RandomCrop(size=(32, 32), padding=4), RandomHorizontalFlip(p=0.5), RandomRotation(degrees=[-15.0, 15.0], interpolation=nearest, expand=False, fill=0), ToTensor(), Normalize(mean=[0.5070751592371323, 0.48654887331495095, 0.4409178433670343], std=[0.2673342858792401, 0.2564384629170883, 0.27615047132568404])]","[ToTensor(), Normalize(mean=[0.5070751592371323, 0.48654887331495095, 0.4409178433670343], std=[0.2673342858792401, 0.2564384629170883, 0.27615047132568404])]",125,64,100,100,8,200,0.0000012335990856710008,0.005,25000,11664128,0.96468,0.11144169572740793,0.8421,0.5795651644468307
2023-12-03 21:25:00,16.0min,1487bcc22b434a228ccb1aec1d54e750,8,LOCAL,/home/haselab/Documents/tat/Research/app/ee/main_hase.py,haselab,FINISHED,CIFAR10,easy,CrossEntropyLoss(),False,gitresnet_ee,"Adam (
Parameter Group 0
    amsgrad: False
    betas: (0.9, 0.999)
    capturable: False
    differentiable: False
    eps: 1e-08
    foreach: None
    fused: None
    initial_lr: 0.005
    lr: 0.005
    maximize: False
    weight_decay: 0
)","CosineAnnealingLR (
T_max = 100
base_lrs = [0.005]
eta_min = 0
last_epoch = 0
optimizer = Adam()
verbose = False
)","[RandomCrop(size=(32, 32), padding=4), RandomHorizontalFlip(p=0.5), RandomRotation(degrees=[-15.0, 15.0], interpolation=nearest, expand=False, fill=0), ToTensor(), Normalize(mean=[0.5070751592371323, 0.48654887331495095, 0.4409178433670343], std=[0.2673342858792401, 0.2564384629170883, 0.27615047132568404])]","[ToTensor(), Normalize(mean=[0.5070751592371323, 0.48654887331495095, 0.4409178433670343], std=[0.2673342858792401, 0.2564384629170883, 0.27615047132568404])]",125,64,100,100,8,80,0.0000012335990856710008,0.005,10000,11664128,0.9697,0.10726604824885726,0.7725,0.8794725891202688
2023-12-03 21:15:17,9.7min,e06f212b68084929b3eaa699b8c34f67,8,LOCAL,/home/haselab/Documents/tat/Research/app/ee/main_hase.py,haselab,FINISHED,CIFAR10,easy,CrossEntropyLoss(),False,gitresnet_ee,"Adam (
Parameter Group 0
    amsgrad: False
    betas: (0.9, 0.999)
    capturable: False
    differentiable: False
    eps: 1e-08
    foreach: None
    fused: None
    initial_lr: 0.005
    lr: 0.005
    maximize: False
    weight_decay: 0
)","CosineAnnealingLR (
T_max = 100
base_lrs = [0.005]
eta_min = 0
last_epoch = 0
optimizer = Adam()
verbose = False
)","[RandomCrop(size=(32, 32), padding=4), RandomHorizontalFlip(p=0.5), RandomRotation(degrees=[-15.0, 15.0], interpolation=nearest, expand=False, fill=0), ToTensor(), Normalize(mean=[0.5070751592371323, 0.48654887331495095, 0.4409178433670343], std=[0.2673342858792401, 0.2564384629170883, 0.27615047132568404])]","[ToTensor(), Normalize(mean=[0.5070751592371323, 0.48654887331495095, 0.4409178433670343], std=[0.2673342858792401, 0.2564384629170883, 0.27615047132568404])]",125,64,100,100,8,40,0.0000012335990856710008,0.005,5000,11664128,0.9788,0.09660976519808173,0.6749,1.2854525342583656
2023-12-03 21:08:43,6.6min,b9dfbc8e4f23466a8e6fed4a7a298403,8,LOCAL,/home/haselab/Documents/tat/Research/app/ee/main_hase.py,haselab,FINISHED,CIFAR10,easy,CrossEntropyLoss(),False,gitresnet_ee,"Adam (
Parameter Group 0
    amsgrad: False
    betas: (0.9, 0.999)
    capturable: False
    differentiable: False
    eps: 1e-08
    foreach: None
    fused: None
    initial_lr: 0.005
    lr: 0.005
    maximize: False
    weight_decay: 0
)","CosineAnnealingLR (
T_max = 100
base_lrs = [0.005]
eta_min = 0
last_epoch = 0
optimizer = Adam()
verbose = False
)","[RandomCrop(size=(32, 32), padding=4), RandomHorizontalFlip(p=0.5), RandomRotation(degrees=[-15.0, 15.0], interpolation=nearest, expand=False, fill=0), ToTensor(), Normalize(mean=[0.5070751592371323, 0.48654887331495095, 0.4409178433670343], std=[0.2673342858792401, 0.2564384629170883, 0.27615047132568404])]","[ToTensor(), Normalize(mean=[0.5070751592371323, 0.48654887331495095, 0.4409178433670343], std=[0.2673342858792401, 0.2564384629170883, 0.27615047132568404])]",125,64,100,100,8,20,0.0000012335990856710008,0.005,2500,11664128,0.992,0.07077537346631288,0.6082,1.559001937508583
2023-12-03 21:04:02,4.7min,5444f0ea15bc41ba859a20c970b93b38,8,LOCAL,/home/haselab/Documents/tat/Research/app/ee/main_hase.py,haselab,FINISHED,CIFAR10,easy,CrossEntropyLoss(),False,gitresnet_ee,"Adam (
Parameter Group 0
    amsgrad: False
    betas: (0.9, 0.999)
    capturable: False
    differentiable: False
    eps: 1e-08
    foreach: None
    fused: None
    initial_lr: 0.005
    lr: 0.005
    maximize: False
    weight_decay: 0
)","CosineAnnealingLR (
T_max = 100
base_lrs = [0.005]
eta_min = 0
last_epoch = 0
optimizer = Adam()
verbose = False
)","[RandomCrop(size=(32, 32), padding=4), RandomHorizontalFlip(p=0.5), RandomRotation(degrees=[-15.0, 15.0], interpolation=nearest, expand=False, fill=0), ToTensor(), Normalize(mean=[0.5070751592371323, 0.48654887331495095, 0.4409178433670343], std=[0.2673342858792401, 0.2564384629170883, 0.27615047132568404])]","[ToTensor(), Normalize(mean=[0.5070751592371323, 0.48654887331495095, 0.4409178433670343], std=[0.2673342858792401, 0.2564384629170883, 0.27615047132568404])]",125,64,100,100,8,8,0.0000012335990856710008,0.005,1000,11664128,0.999,0.02232322935014963,0.4947,2.158848151564598
2023-12-03 21:00:00,4.0min,77cc2e70829549548244420adb4b9095,8,LOCAL,/home/haselab/Documents/tat/Research/app/ee/main_hase.py,haselab,FINISHED,CIFAR10,easy,CrossEntropyLoss(),False,gitresnet_ee,"Adam (
Parameter Group 0
    amsgrad: False
    betas: (0.9, 0.999)
    capturable: False
    differentiable: False
    eps: 1e-08
    foreach: None
    fused: None
    initial_lr: 0.005
    lr: 0.005
    maximize: False
    weight_decay: 0
)","CosineAnnealingLR (
T_max = 100
base_lrs = [0.005]
eta_min = 0
last_epoch = 0
optimizer = Adam()
verbose = False
)","[RandomCrop(size=(32, 32), padding=4), RandomHorizontalFlip(p=0.5), RandomRotation(degrees=[-15.0, 15.0], interpolation=nearest, expand=False, fill=0), ToTensor(), Normalize(mean=[0.5070751592371323, 0.48654887331495095, 0.4409178433670343], std=[0.2673342858792401, 0.2564384629170883, 0.27615047132568404])]","[ToTensor(), Normalize(mean=[0.5070751592371323, 0.48654887331495095, 0.4409178433670343], std=[0.2673342858792401, 0.2564384629170883, 0.27615047132568404])]",125,64,100,100,8,4,0.0000012335990856710008,0.005,500,11664128,1,0.008651525364257395,0.4288,2.457303464412689
2023-12-03 20:56:27,3.5min,9010c43d77e34f68822de131641ccf9c,8,LOCAL,/home/haselab/Documents/tat/Research/app/ee/main_hase.py,haselab,FINISHED,CIFAR10,easy,CrossEntropyLoss(),False,gitresnet_ee,"Adam (
Parameter Group 0
    amsgrad: False
    betas: (0.9, 0.999)
    capturable: False
    differentiable: False
    eps: 1e-08
    foreach: None
    fused: None
    initial_lr: 0.005
    lr: 0.005
    maximize: False
    weight_decay: 0
)","CosineAnnealingLR (
T_max = 100
base_lrs = [0.005]
eta_min = 0
last_epoch = 0
optimizer = Adam()
verbose = False
)","[RandomCrop(size=(32, 32), padding=4), RandomHorizontalFlip(p=0.5), RandomRotation(degrees=[-15.0, 15.0], interpolation=nearest, expand=False, fill=0), ToTensor(), Normalize(mean=[0.5070751592371323, 0.48654887331495095, 0.4409178433670343], std=[0.2673342858792401, 0.2564384629170883, 0.27615047132568404])]","[ToTensor(), Normalize(mean=[0.5070751592371323, 0.48654887331495095, 0.4409178433670343], std=[0.2673342858792401, 0.2564384629170883, 0.27615047132568404])]",125,64,100,100,8,1,0.0000012335990856710008,0.005,100,11664128,1,0.005839083809405565,0.3078,2.837338724732399
2023-12-03 20:01:53,54.6min,2a282d0eca0541de9193111961a978f6,16,LOCAL,/home/haselab/Documents/tat/Research/app/ee/main_hase.py,haselab,FINISHED,CIFAR10,easy,CrossEntropyLoss(),False,gitresnet_ee,"Adam (
Parameter Group 0
    amsgrad: False
    betas: (0.9, 0.999)
    capturable: False
    differentiable: False
    eps: 1e-08
    foreach: None
    fused: None
    initial_lr: 0.005
    lr: 0.005
    maximize: False
    weight_decay: 0
)","CosineAnnealingLR (
T_max = 100
base_lrs = [0.005]
eta_min = 0
last_epoch = 0
optimizer = Adam()
verbose = False
)","[RandomCrop(size=(32, 32), padding=4), RandomHorizontalFlip(p=0.5), RandomRotation(degrees=[-15.0, 15.0], interpolation=nearest, expand=False, fill=0), ToTensor(), Normalize(mean=[0.5070751592371323, 0.48654887331495095, 0.4409178433670343], std=[0.2673342858792401, 0.2564384629170883, 0.27615047132568404])]","[ToTensor(), Normalize(mean=[0.5070751592371323, 0.48654887331495095, 0.4409178433670343], std=[0.2673342858792401, 0.2564384629170883, 0.27615047132568404])]",125,16,100,100,16,400,0.0000012335990856710008,0.005,50000,11409216,0.98938,0.032688777168514205,0.904,0.4452546168118715
2023-12-03 19:33:39,28.2min,8dabecc9b36849ab979d1954933eb379,16,LOCAL,/home/haselab/Documents/tat/Research/app/ee/main_hase.py,haselab,FINISHED,CIFAR10,easy,CrossEntropyLoss(),False,gitresnet_ee,"Adam (
Parameter Group 0
    amsgrad: False
    betas: (0.9, 0.999)
    capturable: False
    differentiable: False
    eps: 1e-08
    foreach: None
    fused: None
    initial_lr: 0.005
    lr: 0.005
    maximize: False
    weight_decay: 0
)","CosineAnnealingLR (
T_max = 100
base_lrs = [0.005]
eta_min = 0
last_epoch = 0
optimizer = Adam()
verbose = False
)","[RandomCrop(size=(32, 32), padding=4), RandomHorizontalFlip(p=0.5), RandomRotation(degrees=[-15.0, 15.0], interpolation=nearest, expand=False, fill=0), ToTensor(), Normalize(mean=[0.5070751592371323, 0.48654887331495095, 0.4409178433670343], std=[0.2673342858792401, 0.2564384629170883, 0.27615047132568404])]","[ToTensor(), Normalize(mean=[0.5070751592371323, 0.48654887331495095, 0.4409178433670343], std=[0.2673342858792401, 0.2564384629170883, 0.27615047132568404])]",125,16,100,100,16,200,0.0000012335990856710008,0.005,25000,11409216,0.98824,0.039197709856089204,0.864,0.6374282272532582
2023-12-03 19:21:14,12.4min,bb1cf65afa0c4c2d86723b5726626063,16,LOCAL,/home/haselab/Documents/tat/Research/app/ee/main_hase.py,haselab,FINISHED,CIFAR10,easy,CrossEntropyLoss(),False,gitresnet_ee,"Adam (
Parameter Group 0
    amsgrad: False
    betas: (0.9, 0.999)
    capturable: False
    differentiable: False
    eps: 1e-08
    foreach: None
    fused: None
    initial_lr: 0.005
    lr: 0.005
    maximize: False
    weight_decay: 0
)","CosineAnnealingLR (
T_max = 100
base_lrs = [0.005]
eta_min = 0
last_epoch = 0
optimizer = Adam()
verbose = False
)","[RandomCrop(size=(32, 32), padding=4), RandomHorizontalFlip(p=0.5), RandomRotation(degrees=[-15.0, 15.0], interpolation=nearest, expand=False, fill=0), ToTensor(), Normalize(mean=[0.5070751592371323, 0.48654887331495095, 0.4409178433670343], std=[0.2673342858792401, 0.2564384629170883, 0.27615047132568404])]","[ToTensor(), Normalize(mean=[0.5070751592371323, 0.48654887331495095, 0.4409178433670343], std=[0.2673342858792401, 0.2564384629170883, 0.27615047132568404])]",125,16,100,100,16,80,0.0000012335990856710008,0.005,10000,11409216,0.9823,0.06329726611729711,0.7954,0.8807480234652758
2023-12-03 19:14:05,7.2min,00a8e48fe1274516af864aa88897230a,16,LOCAL,/home/haselab/Documents/tat/Research/app/ee/main_hase.py,haselab,FINISHED,CIFAR10,easy,CrossEntropyLoss(),False,gitresnet_ee,"Adam (
Parameter Group 0
    amsgrad: False
    betas: (0.9, 0.999)
    capturable: False
    differentiable: False
    eps: 1e-08
    foreach: None
    fused: None
    initial_lr: 0.005
    lr: 0.005
    maximize: False
    weight_decay: 0
)","CosineAnnealingLR (
T_max = 100
base_lrs = [0.005]
eta_min = 0
last_epoch = 0
optimizer = Adam()
verbose = False
)","[RandomCrop(size=(32, 32), padding=4), RandomHorizontalFlip(p=0.5), RandomRotation(degrees=[-15.0, 15.0], interpolation=nearest, expand=False, fill=0), ToTensor(), Normalize(mean=[0.5070751592371323, 0.48654887331495095, 0.4409178433670343], std=[0.2673342858792401, 0.2564384629170883, 0.27615047132568404])]","[ToTensor(), Normalize(mean=[0.5070751592371323, 0.48654887331495095, 0.4409178433670343], std=[0.2673342858792401, 0.2564384629170883, 0.27615047132568404])]",125,16,100,100,16,40,0.0000012335990856710008,0.005,5000,11409216,0.9864,0.05977237313054502,0.7046,1.2767886400222779
2023-12-03 19:09:33,4.5min,14bfe9d8692f4fb18d561611f8e91095,16,LOCAL,/home/haselab/Documents/tat/Research/app/ee/main_hase.py,haselab,FINISHED,CIFAR10,easy,CrossEntropyLoss(),False,gitresnet_ee,"Adam (
Parameter Group 0
    amsgrad: False
    betas: (0.9, 0.999)
    capturable: False
    differentiable: False
    eps: 1e-08
    foreach: None
    fused: None
    initial_lr: 0.005
    lr: 0.005
    maximize: False
    weight_decay: 0
)","CosineAnnealingLR (
T_max = 100
base_lrs = [0.005]
eta_min = 0
last_epoch = 0
optimizer = Adam()
verbose = False
)","[RandomCrop(size=(32, 32), padding=4), RandomHorizontalFlip(p=0.5), RandomRotation(degrees=[-15.0, 15.0], interpolation=nearest, expand=False, fill=0), ToTensor(), Normalize(mean=[0.5070751592371323, 0.48654887331495095, 0.4409178433670343], std=[0.2673342858792401, 0.2564384629170883, 0.27615047132568404])]","[ToTensor(), Normalize(mean=[0.5070751592371323, 0.48654887331495095, 0.4409178433670343], std=[0.2673342858792401, 0.2564384629170883, 0.27615047132568404])]",125,16,100,100,16,20,0.0000012335990856710008,0.005,2500,11409216,0.9888,0.07334010992199183,0.5829,1.8202572405338286
2023-12-03 19:06:37,2.9min,31cb4ac4ec1a4ca8a7b683e700466655,16,LOCAL,/home/haselab/Documents/tat/Research/app/ee/main_hase.py,haselab,FINISHED,CIFAR10,easy,CrossEntropyLoss(),False,gitresnet_ee,"Adam (
Parameter Group 0
    amsgrad: False
    betas: (0.9, 0.999)
    capturable: False
    differentiable: False
    eps: 1e-08
    foreach: None
    fused: None
    initial_lr: 0.005
    lr: 0.005
    maximize: False
    weight_decay: 0
)","CosineAnnealingLR (
T_max = 100
base_lrs = [0.005]
eta_min = 0
last_epoch = 0
optimizer = Adam()
verbose = False
)","[RandomCrop(size=(32, 32), padding=4), RandomHorizontalFlip(p=0.5), RandomRotation(degrees=[-15.0, 15.0], interpolation=nearest, expand=False, fill=0), ToTensor(), Normalize(mean=[0.5070751592371323, 0.48654887331495095, 0.4409178433670343], std=[0.2673342858792401, 0.2564384629170883, 0.27615047132568404])]","[ToTensor(), Normalize(mean=[0.5070751592371323, 0.48654887331495095, 0.4409178433670343], std=[0.2673342858792401, 0.2564384629170883, 0.27615047132568404])]",125,16,100,100,16,8,0.0000012335990856710008,0.005,1000,11409216,0.999,0.028184716356918216,0.4747,2.5272499144077303
2023-12-03 19:04:13,2.4min,77506322b6f84baebc2b21df20c20e2d,16,LOCAL,/home/haselab/Documents/tat/Research/app/ee/main_hase.py,haselab,FINISHED,CIFAR10,easy,CrossEntropyLoss(),False,gitresnet_ee,"Adam (
Parameter Group 0
    amsgrad: False
    betas: (0.9, 0.999)
    capturable: False
    differentiable: False
    eps: 1e-08
    foreach: None
    fused: None
    initial_lr: 0.005
    lr: 0.005
    maximize: False
    weight_decay: 0
)","CosineAnnealingLR (
T_max = 100
base_lrs = [0.005]
eta_min = 0
last_epoch = 0
optimizer = Adam()
verbose = False
)","[RandomCrop(size=(32, 32), padding=4), RandomHorizontalFlip(p=0.5), RandomRotation(degrees=[-15.0, 15.0], interpolation=nearest, expand=False, fill=0), ToTensor(), Normalize(mean=[0.5070751592371323, 0.48654887331495095, 0.4409178433670343], std=[0.2673342858792401, 0.2564384629170883, 0.27615047132568404])]","[ToTensor(), Normalize(mean=[0.5070751592371323, 0.48654887331495095, 0.4409178433670343], std=[0.2673342858792401, 0.2564384629170883, 0.27615047132568404])]",125,16,100,100,16,4,0.0000012335990856710008,0.005,500,11409216,1,0.020124040078371763,0.3871,2.98297404050827
2023-12-03 19:02:14,2.0min,08a8a2bbb98e4728b55a8fc1ac61ac5b,16,LOCAL,/home/haselab/Documents/tat/Research/app/ee/main_hase.py,haselab,FINISHED,CIFAR10,easy,CrossEntropyLoss(),False,gitresnet_ee,"Adam (
Parameter Group 0
    amsgrad: False
    betas: (0.9, 0.999)
    capturable: False
    differentiable: False
    eps: 1e-08
    foreach: None
    fused: None
    initial_lr: 0.005
    lr: 0.005
    maximize: False
    weight_decay: 0
)","CosineAnnealingLR (
T_max = 100
base_lrs = [0.005]
eta_min = 0
last_epoch = 0
optimizer = Adam()
verbose = False
)","[RandomCrop(size=(32, 32), padding=4), RandomHorizontalFlip(p=0.5), RandomRotation(degrees=[-15.0, 15.0], interpolation=nearest, expand=False, fill=0), ToTensor(), Normalize(mean=[0.5070751592371323, 0.48654887331495095, 0.4409178433670343], std=[0.2673342858792401, 0.2564384629170883, 0.27615047132568404])]","[ToTensor(), Normalize(mean=[0.5070751592371323, 0.48654887331495095, 0.4409178433670343], std=[0.2673342858792401, 0.2564384629170883, 0.27615047132568404])]",125,16,100,100,16,1,0.0000012335990856710008,0.005,100,11409216,1,0.002787074539810419,0.2754,3.8839653760194777
2023-12-03 18:45:45,16.5min,01f8dd5d662347139eac393b93b04bc9,32,LOCAL,/home/haselab/Documents/tat/Research/app/ee/main_hase.py,haselab,FINISHED,CIFAR10,easy,CrossEntropyLoss(),False,gitresnet_ee,"Adam (
Parameter Group 0
    amsgrad: False
    betas: (0.9, 0.999)
    capturable: False
    differentiable: False
    eps: 1e-08
    foreach: None
    fused: None
    initial_lr: 0.005
    lr: 0.005
    maximize: False
    weight_decay: 0
)","CosineAnnealingLR (
T_max = 100
base_lrs = [0.005]
eta_min = 0
last_epoch = 0
optimizer = Adam()
verbose = False
)","[RandomCrop(size=(32, 32), padding=4), RandomHorizontalFlip(p=0.5), RandomRotation(degrees=[-15.0, 15.0], interpolation=nearest, expand=False, fill=0), ToTensor(), Normalize(mean=[0.5070751592371323, 0.48654887331495095, 0.4409178433670343], std=[0.2673342858792401, 0.2564384629170883, 0.27615047132568404])]","[ToTensor(), Normalize(mean=[0.5070751592371323, 0.48654887331495095, 0.4409178433670343], std=[0.2673342858792401, 0.2564384629170883, 0.27615047132568404])]",125,4,100,100,32,400,0.0000012335990856710008,0.005,50000,11282960,0.99698,0.009964616634097184,0.9122,0.49197534993290903
2023-12-03 18:37:00,8.7min,65e3afdc2c6b45eea266cfb1713bb51e,32,LOCAL,/home/haselab/Documents/tat/Research/app/ee/main_hase.py,haselab,FINISHED,CIFAR10,easy,CrossEntropyLoss(),False,gitresnet_ee,"Adam (
Parameter Group 0
    amsgrad: False
    betas: (0.9, 0.999)
    capturable: False
    differentiable: False
    eps: 1e-08
    foreach: None
    fused: None
    initial_lr: 0.005
    lr: 0.005
    maximize: False
    weight_decay: 0
)","CosineAnnealingLR (
T_max = 100
base_lrs = [0.005]
eta_min = 0
last_epoch = 0
optimizer = Adam()
verbose = False
)","[RandomCrop(size=(32, 32), padding=4), RandomHorizontalFlip(p=0.5), RandomRotation(degrees=[-15.0, 15.0], interpolation=nearest, expand=False, fill=0), ToTensor(), Normalize(mean=[0.5070751592371323, 0.48654887331495095, 0.4409178433670343], std=[0.2673342858792401, 0.2564384629170883, 0.27615047132568404])]","[ToTensor(), Normalize(mean=[0.5070751592371323, 0.48654887331495095, 0.4409178433670343], std=[0.2673342858792401, 0.2564384629170883, 0.27615047132568404])]",125,4,100,100,32,200,0.0000012335990856710008,0.005,25000,11282960,0.99664,0.011637955253245309,0.8814,0.687244375422597
2023-12-03 18:32:53,4.1min,6cd13448f25047efaef1fbb9abcf9764,32,LOCAL,/home/haselab/Documents/tat/Research/app/ee/main_hase.py,haselab,FINISHED,CIFAR10,easy,CrossEntropyLoss(),False,gitresnet_ee,"Adam (
Parameter Group 0
    amsgrad: False
    betas: (0.9, 0.999)
    capturable: False
    differentiable: False
    eps: 1e-08
    foreach: None
    fused: None
    initial_lr: 0.005
    lr: 0.005
    maximize: False
    weight_decay: 0
)","CosineAnnealingLR (
T_max = 100
base_lrs = [0.005]
eta_min = 0
last_epoch = 0
optimizer = Adam()
verbose = False
)","[RandomCrop(size=(32, 32), padding=4), RandomHorizontalFlip(p=0.5), RandomRotation(degrees=[-15.0, 15.0], interpolation=nearest, expand=False, fill=0), ToTensor(), Normalize(mean=[0.5070751592371323, 0.48654887331495095, 0.4409178433670343], std=[0.2673342858792401, 0.2564384629170883, 0.27615047132568404])]","[ToTensor(), Normalize(mean=[0.5070751592371323, 0.48654887331495095, 0.4409178433670343], std=[0.2673342858792401, 0.2564384629170883, 0.27615047132568404])]",125,4,100,100,32,80,0.0000012335990856710008,0.005,10000,11282960,0.9939,0.022145783284213395,0.8112,0.9725031424313784
2023-12-03 18:30:20,2.6min,a791427b965e4cd19356a2fe0568382d,32,LOCAL,/home/haselab/Documents/tat/Research/app/ee/main_hase.py,haselab,FINISHED,CIFAR10,easy,CrossEntropyLoss(),False,gitresnet_ee,"Adam (
Parameter Group 0
    amsgrad: False
    betas: (0.9, 0.999)
    capturable: False
    differentiable: False
    eps: 1e-08
    foreach: None
    fused: None
    initial_lr: 0.005
    lr: 0.005
    maximize: False
    weight_decay: 0
)","CosineAnnealingLR (
T_max = 100
base_lrs = [0.005]
eta_min = 0
last_epoch = 0
optimizer = Adam()
verbose = False
)","[RandomCrop(size=(32, 32), padding=4), RandomHorizontalFlip(p=0.5), RandomRotation(degrees=[-15.0, 15.0], interpolation=nearest, expand=False, fill=0), ToTensor(), Normalize(mean=[0.5070751592371323, 0.48654887331495095, 0.4409178433670343], std=[0.2673342858792401, 0.2564384629170883, 0.27615047132568404])]","[ToTensor(), Normalize(mean=[0.5070751592371323, 0.48654887331495095, 0.4409178433670343], std=[0.2673342858792401, 0.2564384629170883, 0.27615047132568404])]",125,4,100,100,32,40,0.0000012335990856710008,0.005,5000,11282960,0.9942,0.024808841536287218,0.7484,1.2445897720754147
2023-12-03 18:28:33,1.8min,cfafa2997b9a48ffb880b58cc042e6a0,32,LOCAL,/home/haselab/Documents/tat/Research/app/ee/main_hase.py,haselab,FINISHED,CIFAR10,easy,CrossEntropyLoss(),False,gitresnet_ee,"Adam (
Parameter Group 0
    amsgrad: False
    betas: (0.9, 0.999)
    capturable: False
    differentiable: False
    eps: 1e-08
    foreach: None
    fused: None
    initial_lr: 0.005
    lr: 0.005
    maximize: False
    weight_decay: 0
)","CosineAnnealingLR (
T_max = 100
base_lrs = [0.005]
eta_min = 0
last_epoch = 0
optimizer = Adam()
verbose = False
)","[RandomCrop(size=(32, 32), padding=4), RandomHorizontalFlip(p=0.5), RandomRotation(degrees=[-15.0, 15.0], interpolation=nearest, expand=False, fill=0), ToTensor(), Normalize(mean=[0.5070751592371323, 0.48654887331495095, 0.4409178433670343], std=[0.2673342858792401, 0.2564384629170883, 0.27615047132568404])]","[ToTensor(), Normalize(mean=[0.5070751592371323, 0.48654887331495095, 0.4409178433670343], std=[0.2673342858792401, 0.2564384629170883, 0.27615047132568404])]",125,4,100,100,32,20,0.0000012335990856710008,0.005,2500,11282960,0.9956,0.02681470229290426,0.5858,2.086714819073677
2023-12-03 18:27:14,1.3min,51fcb257aea04498b8240daa64346f69,32,LOCAL,/home/haselab/Documents/tat/Research/app/ee/main_hase.py,haselab,FINISHED,CIFAR10,easy,CrossEntropyLoss(),False,gitresnet_ee,"Adam (
Parameter Group 0
    amsgrad: False
    betas: (0.9, 0.999)
    capturable: False
    differentiable: False
    eps: 1e-08
    foreach: None
    fused: None
    initial_lr: 0.005
    lr: 0.005
    maximize: False
    weight_decay: 0
)","CosineAnnealingLR (
T_max = 100
base_lrs = [0.005]
eta_min = 0
last_epoch = 0
optimizer = Adam()
verbose = False
)","[RandomCrop(size=(32, 32), padding=4), RandomHorizontalFlip(p=0.5), RandomRotation(degrees=[-15.0, 15.0], interpolation=nearest, expand=False, fill=0), ToTensor(), Normalize(mean=[0.5070751592371323, 0.48654887331495095, 0.4409178433670343], std=[0.2673342858792401, 0.2564384629170883, 0.27615047132568404])]","[ToTensor(), Normalize(mean=[0.5070751592371323, 0.48654887331495095, 0.4409178433670343], std=[0.2673342858792401, 0.2564384629170883, 0.27615047132568404])]",125,4,100,100,32,8,0.0000012335990856710008,0.005,1000,11282960,0.995,0.04327447968535125,0.4658,2.6164540991187097
2023-12-03 18:26:05,1.1min,6149bd5a83c44efeb3972acca617227d,32,LOCAL,/home/haselab/Documents/tat/Research/app/ee/main_hase.py,haselab,FINISHED,CIFAR10,easy,CrossEntropyLoss(),False,gitresnet_ee,"Adam (
Parameter Group 0
    amsgrad: False
    betas: (0.9, 0.999)
    capturable: False
    differentiable: False
    eps: 1e-08
    foreach: None
    fused: None
    initial_lr: 0.005
    lr: 0.005
    maximize: False
    weight_decay: 0
)","CosineAnnealingLR (
T_max = 100
base_lrs = [0.005]
eta_min = 0
last_epoch = 0
optimizer = Adam()
verbose = False
)","[RandomCrop(size=(32, 32), padding=4), RandomHorizontalFlip(p=0.5), RandomRotation(degrees=[-15.0, 15.0], interpolation=nearest, expand=False, fill=0), ToTensor(), Normalize(mean=[0.5070751592371323, 0.48654887331495095, 0.4409178433670343], std=[0.2673342858792401, 0.2564384629170883, 0.27615047132568404])]","[ToTensor(), Normalize(mean=[0.5070751592371323, 0.48654887331495095, 0.4409178433670343], std=[0.2673342858792401, 0.2564384629170883, 0.27615047132568404])]",125,4,100,100,32,4,0.0000012335990856710008,0.005,500,11282960,0.996,0.02684140275232494,0.3947,3.3848651319742205
2023-12-03 18:25:03,1.0min,58403e7ef97f4a379f533b155087b126,32,LOCAL,/home/haselab/Documents/tat/Research/app/ee/main_hase.py,haselab,FINISHED,CIFAR10,easy,CrossEntropyLoss(),False,gitresnet_ee,"Adam (
Parameter Group 0
    amsgrad: False
    betas: (0.9, 0.999)
    capturable: False
    differentiable: False
    eps: 1e-08
    foreach: None
    fused: None
    initial_lr: 0.005
    lr: 0.005
    maximize: False
    weight_decay: 0
)","CosineAnnealingLR (
T_max = 100
base_lrs = [0.005]
eta_min = 0
last_epoch = 0
optimizer = Adam()
verbose = False
)","[RandomCrop(size=(32, 32), padding=4), RandomHorizontalFlip(p=0.5), RandomRotation(degrees=[-15.0, 15.0], interpolation=nearest, expand=False, fill=0), ToTensor(), Normalize(mean=[0.5070751592371323, 0.48654887331495095, 0.4409178433670343], std=[0.2673342858792401, 0.2564384629170883, 0.27615047132568404])]","[ToTensor(), Normalize(mean=[0.5070751592371323, 0.48654887331495095, 0.4409178433670343], std=[0.2673342858792401, 0.2564384629170883, 0.27615047132568404])]",125,4,100,100,32,1,0.0000012335990856710008,0.005,100,11282960,1,0.0049662478268146515,0.2754,5.211096829175949
2023-12-03 18:15:39,9.4min,786ba8c50021440d94960f8f699cdad2,64,LOCAL,/home/haselab/Documents/tat/Research/app/ee/main_hase.py,haselab,FINISHED,CIFAR10,easy,CrossEntropyLoss(),False,gitresnet_ee,"Adam (
Parameter Group 0
    amsgrad: False
    betas: (0.9, 0.999)
    capturable: False
    differentiable: False
    eps: 1e-08
    foreach: None
    fused: None
    initial_lr: 0.005
    lr: 0.005
    maximize: False
    weight_decay: 0
)","CosineAnnealingLR (
T_max = 100
base_lrs = [0.005]
eta_min = 0
last_epoch = 0
optimizer = Adam()
verbose = False
)","[RandomCrop(size=(32, 32), padding=4), RandomHorizontalFlip(p=0.5), RandomRotation(degrees=[-15.0, 15.0], interpolation=nearest, expand=False, fill=0), ToTensor(), Normalize(mean=[0.5070751592371323, 0.48654887331495095, 0.4409178433670343], std=[0.2673342858792401, 0.2564384629170883, 0.27615047132568404])]","[ToTensor(), Normalize(mean=[0.5070751592371323, 0.48654887331495095, 0.4409178433670343], std=[0.2673342858792401, 0.2564384629170883, 0.27615047132568404])]",125,1,100,100,64,400,0.0000012335990856710008,0.005,50000,11220132,0.99848,0.004240264295149245,0.9344,0.4530316857621074
2023-12-03 18:10:37,5.0min,85afe46d2d954d43b57e75912e97dda4,64,LOCAL,/home/haselab/Documents/tat/Research/app/ee/main_hase.py,haselab,FINISHED,CIFAR10,easy,CrossEntropyLoss(),False,gitresnet_ee,"Adam (
Parameter Group 0
    amsgrad: False
    betas: (0.9, 0.999)
    capturable: False
    differentiable: False
    eps: 1e-08
    foreach: None
    fused: None
    initial_lr: 0.005
    lr: 0.005
    maximize: False
    weight_decay: 0
)","CosineAnnealingLR (
T_max = 100
base_lrs = [0.005]
eta_min = 0
last_epoch = 0
optimizer = Adam()
verbose = False
)","[RandomCrop(size=(32, 32), padding=4), RandomHorizontalFlip(p=0.5), RandomRotation(degrees=[-15.0, 15.0], interpolation=nearest, expand=False, fill=0), ToTensor(), Normalize(mean=[0.5070751592371323, 0.48654887331495095, 0.4409178433670343], std=[0.2673342858792401, 0.2564384629170883, 0.27615047132568404])]","[ToTensor(), Normalize(mean=[0.5070751592371323, 0.48654887331495095, 0.4409178433670343], std=[0.2673342858792401, 0.2564384629170883, 0.27615047132568404])]",125,1,100,100,64,200,0.0000012335990856710008,0.005,25000,11220132,0.99784,0.006706870765810891,0.8986,0.6735083214938641
2023-12-03 18:08:14,2.4min,93b5e0142d044d2f9186fd4573087835,64,LOCAL,/home/haselab/Documents/tat/Research/app/ee/main_hase.py,haselab,FINISHED,CIFAR10,easy,CrossEntropyLoss(),False,gitresnet_ee,"Adam (
Parameter Group 0
    amsgrad: False
    betas: (0.9, 0.999)
    capturable: False
    differentiable: False
    eps: 1e-08
    foreach: None
    fused: None
    initial_lr: 0.005
    lr: 0.005
    maximize: False
    weight_decay: 0
)","CosineAnnealingLR (
T_max = 100
base_lrs = [0.005]
eta_min = 0
last_epoch = 0
optimizer = Adam()
verbose = False
)","[RandomCrop(size=(32, 32), padding=4), RandomHorizontalFlip(p=0.5), RandomRotation(degrees=[-15.0, 15.0], interpolation=nearest, expand=False, fill=0), ToTensor(), Normalize(mean=[0.5070751592371323, 0.48654887331495095, 0.4409178433670343], std=[0.2673342858792401, 0.2564384629170883, 0.27615047132568404])]","[ToTensor(), Normalize(mean=[0.5070751592371323, 0.48654887331495095, 0.4409178433670343], std=[0.2673342858792401, 0.2564384629170883, 0.27615047132568404])]",125,1,100,100,64,80,0.0000012335990856710008,0.005,10000,11220132,0.9979,0.007938757401279872,0.8396,1.0229424919933081
2023-12-03 18:06:44,1.5min,fa4535172607406ea2601b1893954de8,64,LOCAL,/home/haselab/Documents/tat/Research/app/ee/main_hase.py,haselab,FINISHED,CIFAR10,easy,CrossEntropyLoss(),False,gitresnet_ee,"Adam (
Parameter Group 0
    amsgrad: False
    betas: (0.9, 0.999)
    capturable: False
    differentiable: False
    eps: 1e-08
    foreach: None
    fused: None
    initial_lr: 0.005
    lr: 0.005
    maximize: False
    weight_decay: 0
)","CosineAnnealingLR (
T_max = 100
base_lrs = [0.005]
eta_min = 0
last_epoch = 0
optimizer = Adam()
verbose = False
)","[RandomCrop(size=(32, 32), padding=4), RandomHorizontalFlip(p=0.5), RandomRotation(degrees=[-15.0, 15.0], interpolation=nearest, expand=False, fill=0), ToTensor(), Normalize(mean=[0.5070751592371323, 0.48654887331495095, 0.4409178433670343], std=[0.2673342858792401, 0.2564384629170883, 0.27615047132568404])]","[ToTensor(), Normalize(mean=[0.5070751592371323, 0.48654887331495095, 0.4409178433670343], std=[0.2673342858792401, 0.2564384629170883, 0.27615047132568404])]",125,1,100,100,64,40,0.0000012335990856710008,0.005,5000,11220132,0.996,0.014916451508179307,0.7293,1.687899849563837
2023-12-03 18:05:41,1.0min,03d278e9f2754e4690be5da6e7e18be9,64,LOCAL,/home/haselab/Documents/tat/Research/app/ee/main_hase.py,haselab,FINISHED,CIFAR10,easy,CrossEntropyLoss(),False,gitresnet_ee,"Adam (
Parameter Group 0
    amsgrad: False
    betas: (0.9, 0.999)
    capturable: False
    differentiable: False
    eps: 1e-08
    foreach: None
    fused: None
    initial_lr: 0.005
    lr: 0.005
    maximize: False
    weight_decay: 0
)","CosineAnnealingLR (
T_max = 100
base_lrs = [0.005]
eta_min = 0
last_epoch = 0
optimizer = Adam()
verbose = False
)","[RandomCrop(size=(32, 32), padding=4), RandomHorizontalFlip(p=0.5), RandomRotation(degrees=[-15.0, 15.0], interpolation=nearest, expand=False, fill=0), ToTensor(), Normalize(mean=[0.5070751592371323, 0.48654887331495095, 0.4409178433670343], std=[0.2673342858792401, 0.2564384629170883, 0.27615047132568404])]","[ToTensor(), Normalize(mean=[0.5070751592371323, 0.48654887331495095, 0.4409178433670343], std=[0.2673342858792401, 0.2564384629170883, 0.27615047132568404])]",125,1,100,100,64,20,0.0000012335990856710008,0.005,2500,11220132,0.9972,0.01672542402520776,0.6087,2.3607301145792006
2023-12-03 18:04:55,46.2s,4578d518414d46dabb2849763be0b64f,64,LOCAL,/home/haselab/Documents/tat/Research/app/ee/main_hase.py,haselab,FINISHED,CIFAR10,easy,CrossEntropyLoss(),False,gitresnet_ee,"Adam (
Parameter Group 0
    amsgrad: False
    betas: (0.9, 0.999)
    capturable: False
    differentiable: False
    eps: 1e-08
    foreach: None
    fused: None
    initial_lr: 0.005
    lr: 0.005
    maximize: False
    weight_decay: 0
)","CosineAnnealingLR (
T_max = 100
base_lrs = [0.005]
eta_min = 0
last_epoch = 0
optimizer = Adam()
verbose = False
)","[RandomCrop(size=(32, 32), padding=4), RandomHorizontalFlip(p=0.5), RandomRotation(degrees=[-15.0, 15.0], interpolation=nearest, expand=False, fill=0), ToTensor(), Normalize(mean=[0.5070751592371323, 0.48654887331495095, 0.4409178433670343], std=[0.2673342858792401, 0.2564384629170883, 0.27615047132568404])]","[ToTensor(), Normalize(mean=[0.5070751592371323, 0.48654887331495095, 0.4409178433670343], std=[0.2673342858792401, 0.2564384629170883, 0.27615047132568404])]",125,1,100,100,64,8,0.0000012335990856710008,0.005,1000,11220132,0.999,0.028343975311145186,0.4661,3.1761752530932426
2023-12-03 18:04:14,40.6s,26cd3b2a12f84fd0b947d946dc799936,64,LOCAL,/home/haselab/Documents/tat/Research/app/ee/main_hase.py,haselab,FINISHED,CIFAR10,easy,CrossEntropyLoss(),False,gitresnet_ee,"Adam (
Parameter Group 0
    amsgrad: False
    betas: (0.9, 0.999)
    capturable: False
    differentiable: False
    eps: 1e-08
    foreach: None
    fused: None
    initial_lr: 0.005
    lr: 0.005
    maximize: False
    weight_decay: 0
)","CosineAnnealingLR (
T_max = 100
base_lrs = [0.005]
eta_min = 0
last_epoch = 0
optimizer = Adam()
verbose = False
)","[RandomCrop(size=(32, 32), padding=4), RandomHorizontalFlip(p=0.5), RandomRotation(degrees=[-15.0, 15.0], interpolation=nearest, expand=False, fill=0), ToTensor(), Normalize(mean=[0.5070751592371323, 0.48654887331495095, 0.4409178433670343], std=[0.2673342858792401, 0.2564384629170883, 0.27615047132568404])]","[ToTensor(), Normalize(mean=[0.5070751592371323, 0.48654887331495095, 0.4409178433670343], std=[0.2673342858792401, 0.2564384629170883, 0.27615047132568404])]",125,1,100,100,64,4,0.0000012335990856710008,0.005,500,11220132,0.996,0.04931438993662596,0.3529,3.7151141226291657
2023-12-03 18:03:38,36.1s,4f7d840e7c92496faff37390b4ec0ed8,64,LOCAL,/home/haselab/Documents/tat/Research/app/ee/main_hase.py,haselab,FINISHED,CIFAR10,easy,CrossEntropyLoss(),False,gitresnet_ee,"Adam (
Parameter Group 0
    amsgrad: False
    betas: (0.9, 0.999)
    capturable: False
    differentiable: False
    eps: 1e-08
    foreach: None
    fused: None
    initial_lr: 0.005
    lr: 0.005
    maximize: False
    weight_decay: 0
)","CosineAnnealingLR (
T_max = 100
base_lrs = [0.005]
eta_min = 0
last_epoch = 0
optimizer = Adam()
verbose = False
)","[RandomCrop(size=(32, 32), padding=4), RandomHorizontalFlip(p=0.5), RandomRotation(degrees=[-15.0, 15.0], interpolation=nearest, expand=False, fill=0), ToTensor(), Normalize(mean=[0.5070751592371323, 0.48654887331495095, 0.4409178433670343], std=[0.2673342858792401, 0.2564384629170883, 0.27615047132568404])]","[ToTensor(), Normalize(mean=[0.5070751592371323, 0.48654887331495095, 0.4409178433670343], std=[0.2673342858792401, 0.2564384629170883, 0.27615047132568404])]",125,1,100,100,64,1,0.0000012335990856710008,0.005,100,11220132,1,0.006453746929764748,0.236,7.73169561624527
