run_id,max_lr,epochs,batch_size,ensemble_type,train_trans,val_trans,num_data,iters/epoch,dataset,model_arc,fils,ensembles,params,loss_func,optimizer,scheduler,lr,epoch,train_loss,train_acc,val_loss,val_acc
0,0.005,500,125,easy,"[RandomCrop(size=(32, 32), padding=4), RandomHorizontalFlip(p=0.5), RandomRotation(degrees=[-15.0, 15.0], interpolation=nearest, expand=False, fill=0), ToTensor(), Normalize(mean=[0.5070751592371323, 0.48654887331495095, 0.4409178433670343], std=[0.2673342858792401, 0.2564384629170883, 0.27615047132568404])]","[ToTensor(), Normalize(mean=[0.5070751592371323, 0.48654887331495095, 0.4409178433670343], std=[0.2673342858792401, 0.2564384629170883, 0.27615047132568404])]",10000,80,cifar10_train,models.gitresnet_ee,1,64,191424,CrossEntropyLoss(),"Adam ( Parameter Group 0     amsgrad: False     betas: (0.9, 0.999)     capturable: False     differentiable: False     eps: 1e-08     foreach: None     fused: None     initial_lr: 0.005     lr: 0.005     maximize: False     weight_decay: 0 )",CosineAnnealingLR ( T_max = 500 base_lrs = [0.005] eta_min = 0 last_epoch = 0 optimizer = Adam() verbose = False ),4.9347859657211604e-8,500,0.07133049660672744,0.9271,0.2996140437821547,0.7589
1,0.005,500,125,easy,"[RandomCrop(size=(32, 32), padding=4), RandomHorizontalFlip(p=0.5), RandomRotation(degrees=[-15.0, 15.0], interpolation=nearest, expand=False, fill=0), ToTensor(), Normalize(mean=[0.5070751592371323, 0.48654887331495095, 0.4409178433670343], std=[0.2673342858792401, 0.2564384629170883, 0.27615047132568404])]","[ToTensor(), Normalize(mean=[0.5070751592371323, 0.48654887331495095, 0.4409178433670343], std=[0.2673342858792401, 0.2564384629170883, 0.27615047132568404])]",10000,80,cifar10_train,models.gitresnet_ee,2,16,182720,CrossEntropyLoss(),"Adam ( Parameter Group 0     amsgrad: False     betas: (0.9, 0.999)     capturable: False     differentiable: False     eps: 1e-08     foreach: None     fused: None     initial_lr: 0.005     lr: 0.005     maximize: False     weight_decay: 0 )",CosineAnnealingLR ( T_max = 500 base_lrs = [0.005] eta_min = 0 last_epoch = 0 optimizer = Adam() verbose = False ),4.9347859657211604e-8,500,0.037343411318336926,0.9627,0.35807719752192496,0.7577
2,0.005,500,125,easy,"[RandomCrop(size=(32, 32), padding=4), RandomHorizontalFlip(p=0.5), RandomRotation(degrees=[-15.0, 15.0], interpolation=nearest, expand=False, fill=0), ToTensor(), Normalize(mean=[0.5070751592371323, 0.48654887331495095, 0.4409178433670343], std=[0.2673342858792401, 0.2564384629170883, 0.27615047132568404])]","[ToTensor(), Normalize(mean=[0.5070751592371323, 0.48654887331495095, 0.4409178433670343], std=[0.2673342858792401, 0.2564384629170883, 0.27615047132568404])]",10000,80,cifar10_train,models.gitresnet_ee,4,4,178488,CrossEntropyLoss(),"Adam ( Parameter Group 0     amsgrad: False     betas: (0.9, 0.999)     capturable: False     differentiable: False     eps: 1e-08     foreach: None     fused: None     initial_lr: 0.005     lr: 0.005     maximize: False     weight_decay: 0 )",CosineAnnealingLR ( T_max = 500 base_lrs = [0.005] eta_min = 0 last_epoch = 0 optimizer = Adam() verbose = False ),4.9347859657211604e-8,500,0.01958869443430255,0.9795,0.45167586704095203,0.7624
3,0.005,666,125,easy,"[RandomCrop(size=(32, 32), padding=4), RandomHorizontalFlip(p=0.5), RandomRotation(degrees=[-15.0, 15.0], interpolation=nearest, expand=False, fill=0), ToTensor(), Normalize(mean=[0.5070751592371323, 0.48654887331495095, 0.4409178433670343], std=[0.2673342858792401, 0.2564384629170883, 0.27615047132568404])]","[ToTensor(), Normalize(mean=[0.5070751592371323, 0.48654887331495095, 0.4409178433670343], std=[0.2673342858792401, 0.2564384629170883, 0.27615047132568404])]",7500,60,cifar10_train,models.gitresnet_ee,1,64,191424,CrossEntropyLoss(),"Adam ( Parameter Group 0     amsgrad: False     betas: (0.9, 0.999)     capturable: False     differentiable: False     eps: 1e-08     foreach: None     fused: None     initial_lr: 0.005     lr: 0.005     maximize: False     weight_decay: 0 )",CosineAnnealingLR ( T_max = 666 base_lrs = [0.005] eta_min = 0 last_epoch = 0 optimizer = Adam() verbose = False ),2.781381071487179e-8,666,0.05345988339847989,0.9476,0.374200023462375,0.7288
4,0.005,666,125,easy,"[RandomCrop(size=(32, 32), padding=4), RandomHorizontalFlip(p=0.5), RandomRotation(degrees=[-15.0, 15.0], interpolation=nearest, expand=False, fill=0), ToTensor(), Normalize(mean=[0.5070751592371323, 0.48654887331495095, 0.4409178433670343], std=[0.2673342858792401, 0.2564384629170883, 0.27615047132568404])]","[ToTensor(), Normalize(mean=[0.5070751592371323, 0.48654887331495095, 0.4409178433670343], std=[0.2673342858792401, 0.2564384629170883, 0.27615047132568404])]",7500,60,cifar10_train,models.gitresnet_ee,2,16,182720,CrossEntropyLoss(),"Adam ( Parameter Group 0     amsgrad: False     betas: (0.9, 0.999)     capturable: False     differentiable: False     eps: 1e-08     foreach: None     fused: None     initial_lr: 0.005     lr: 0.005     maximize: False     weight_decay: 0 )",CosineAnnealingLR ( T_max = 666 base_lrs = [0.005] eta_min = 0 last_epoch = 0 optimizer = Adam() verbose = False ),2.781381071487179e-8,666,0.02893640800482697,0.9704,0.46706210896372796,0.7247
5,0.005,666,125,easy,"[RandomCrop(size=(32, 32), padding=4), RandomHorizontalFlip(p=0.5), RandomRotation(degrees=[-15.0, 15.0], interpolation=nearest, expand=False, fill=0), ToTensor(), Normalize(mean=[0.5070751592371323, 0.48654887331495095, 0.4409178433670343], std=[0.2673342858792401, 0.2564384629170883, 0.27615047132568404])]","[ToTensor(), Normalize(mean=[0.5070751592371323, 0.48654887331495095, 0.4409178433670343], std=[0.2673342858792401, 0.2564384629170883, 0.27615047132568404])]",7500,60,cifar10_train,models.gitresnet_ee,4,4,178488,CrossEntropyLoss(),"Adam ( Parameter Group 0     amsgrad: False     betas: (0.9, 0.999)     capturable: False     differentiable: False     eps: 1e-08     foreach: None     fused: None     initial_lr: 0.005     lr: 0.005     maximize: False     weight_decay: 0 )",CosineAnnealingLR ( T_max = 666 base_lrs = [0.005] eta_min = 0 last_epoch = 0 optimizer = Adam() verbose = False ),2.781381071487179e-8,666,0.01301056739046342,0.9868,0.5508607978622119,0.7471
6,0.005,1000,125,easy,"[RandomCrop(size=(32, 32), padding=4), RandomHorizontalFlip(p=0.5), RandomRotation(degrees=[-15.0, 15.0], interpolation=nearest, expand=False, fill=0), ToTensor(), Normalize(mean=[0.5070751592371323, 0.48654887331495095, 0.4409178433670343], std=[0.2673342858792401, 0.2564384629170883, 0.27615047132568404])]","[ToTensor(), Normalize(mean=[0.5070751592371323, 0.48654887331495095, 0.4409178433670343], std=[0.2673342858792401, 0.2564384629170883, 0.27615047132568404])]",5000,40,cifar10_train,models.gitresnet_ee,1,64,191424,CrossEntropyLoss(),"Adam ( Parameter Group 0     amsgrad: False     betas: (0.9, 0.999)     capturable: False     differentiable: False     eps: 1e-08     foreach: None     fused: None     initial_lr: 0.005     lr: 0.005     maximize: False     weight_decay: 0 )",CosineAnnealingLR ( T_max = 1000 base_lrs = [0.005] eta_min = 0 last_epoch = 0 optimizer = Adam() verbose = False ),1.2336995354467157e-8,1000,0.02229074969266852,0.9816,0.47772130866845447,0.7024
7,0.005,1000,125,easy,"[RandomCrop(size=(32, 32), padding=4), RandomHorizontalFlip(p=0.5), RandomRotation(degrees=[-15.0, 15.0], interpolation=nearest, expand=False, fill=0), ToTensor(), Normalize(mean=[0.5070751592371323, 0.48654887331495095, 0.4409178433670343], std=[0.2673342858792401, 0.2564384629170883, 0.27615047132568404])]","[ToTensor(), Normalize(mean=[0.5070751592371323, 0.48654887331495095, 0.4409178433670343], std=[0.2673342858792401, 0.2564384629170883, 0.27615047132568404])]",5000,40,cifar10_train,models.gitresnet_ee,2,16,182720,CrossEntropyLoss(),"Adam ( Parameter Group 0     amsgrad: False     betas: (0.9, 0.999)     capturable: False     differentiable: False     eps: 1e-08     foreach: None     fused: None     initial_lr: 0.005     lr: 0.005     maximize: False     weight_decay: 0 )",CosineAnnealingLR ( T_max = 1000 base_lrs = [0.005] eta_min = 0 last_epoch = 0 optimizer = Adam() verbose = False ),1.2336995354467157e-8,1000,0.010013409040402621,0.992,0.567224636177222,0.7108
8,0.005,1000,125,easy,"[RandomCrop(size=(32, 32), padding=4), RandomHorizontalFlip(p=0.5), RandomRotation(degrees=[-15.0, 15.0], interpolation=nearest, expand=False, fill=0), ToTensor(), Normalize(mean=[0.5070751592371323, 0.48654887331495095, 0.4409178433670343], std=[0.2673342858792401, 0.2564384629170883, 0.27615047132568404])]","[ToTensor(), Normalize(mean=[0.5070751592371323, 0.48654887331495095, 0.4409178433670343], std=[0.2673342858792401, 0.2564384629170883, 0.27615047132568404])]",5000,40,cifar10_train,models.gitresnet_ee,4,4,178488,CrossEntropyLoss(),"Adam ( Parameter Group 0     amsgrad: False     betas: (0.9, 0.999)     capturable: False     differentiable: False     eps: 1e-08     foreach: None     fused: None     initial_lr: 0.005     lr: 0.005     maximize: False     weight_decay: 0 )",CosineAnnealingLR ( T_max = 1000 base_lrs = [0.005] eta_min = 0 last_epoch = 0 optimizer = Adam() verbose = False ),1.2336995354467157e-8,1000,0.0047234276552141335,0.9946,0.7278451765576999,0.7036
9,0.005,1250,125,easy,"[RandomCrop(size=(32, 32), padding=4), RandomHorizontalFlip(p=0.5), RandomRotation(degrees=[-15.0, 15.0], interpolation=nearest, expand=False, fill=0), ToTensor(), Normalize(mean=[0.5070751592371323, 0.48654887331495095, 0.4409178433670343], std=[0.2673342858792401, 0.2564384629170883, 0.27615047132568404])]","[ToTensor(), Normalize(mean=[0.5070751592371323, 0.48654887331495095, 0.4409178433670343], std=[0.2673342858792401, 0.2564384629170883, 0.27615047132568404])]",4000,32,cifar10_train,models.gitresnet_ee,1,64,191424,CrossEntropyLoss(),"Adam ( Parameter Group 0     amsgrad: False     betas: (0.9, 0.999)     capturable: False     differentiable: False     eps: 1e-08     foreach: None     fused: None     initial_lr: 0.005     lr: 0.005     maximize: False     weight_decay: 0 )",CosineAnnealingLR ( T_max = 1250 base_lrs = [0.005] eta_min = 0 last_epoch = 0 optimizer = Adam() verbose = False ),7.89567936476665e-9,1250,0.012282666730849693,0.98875,0.5833726286888122,0.6825
10,0.005,1250,125,easy,"[RandomCrop(size=(32, 32), padding=4), RandomHorizontalFlip(p=0.5), RandomRotation(degrees=[-15.0, 15.0], interpolation=nearest, expand=False, fill=0), ToTensor(), Normalize(mean=[0.5070751592371323, 0.48654887331495095, 0.4409178433670343], std=[0.2673342858792401, 0.2564384629170883, 0.27615047132568404])]","[ToTensor(), Normalize(mean=[0.5070751592371323, 0.48654887331495095, 0.4409178433670343], std=[0.2673342858792401, 0.2564384629170883, 0.27615047132568404])]",4000,32,cifar10_train,models.gitresnet_ee,2,16,182720,CrossEntropyLoss(),"Adam ( Parameter Group 0     amsgrad: False     betas: (0.9, 0.999)     capturable: False     differentiable: False     eps: 1e-08     foreach: None     fused: None     initial_lr: 0.005     lr: 0.005     maximize: False     weight_decay: 0 )",CosineAnnealingLR ( T_max = 1250 base_lrs = [0.005] eta_min = 0 last_epoch = 0 optimizer = Adam() verbose = False ),7.89567936476665e-9,1250,0.004306139201313878,0.996,0.6807397251327832,0.7001
11,0.005,1250,125,easy,"[RandomCrop(size=(32, 32), padding=4), RandomHorizontalFlip(p=0.5), RandomRotation(degrees=[-15.0, 15.0], interpolation=nearest, expand=False, fill=0), ToTensor(), Normalize(mean=[0.5070751592371323, 0.48654887331495095, 0.4409178433670343], std=[0.2673342858792401, 0.2564384629170883, 0.27615047132568404])]","[ToTensor(), Normalize(mean=[0.5070751592371323, 0.48654887331495095, 0.4409178433670343], std=[0.2673342858792401, 0.2564384629170883, 0.27615047132568404])]",4000,32,cifar10_train,models.gitresnet_ee,4,4,178488,CrossEntropyLoss(),"Adam ( Parameter Group 0     amsgrad: False     betas: (0.9, 0.999)     capturable: False     differentiable: False     eps: 1e-08     foreach: None     fused: None     initial_lr: 0.005     lr: 0.005     maximize: False     weight_decay: 0 )",CosineAnnealingLR ( T_max = 1250 base_lrs = [0.005] eta_min = 0 last_epoch = 0 optimizer = Adam() verbose = False ),7.89567936476665e-9,1250,0.0017820293857463791,0.999,0.8243887161215147,0.6859
12,0.005,1666,125,easy,"[RandomCrop(size=(32, 32), padding=4), RandomHorizontalFlip(p=0.5), RandomRotation(degrees=[-15.0, 15.0], interpolation=nearest, expand=False, fill=0), ToTensor(), Normalize(mean=[0.5070751592371323, 0.48654887331495095, 0.4409178433670343], std=[0.2673342858792401, 0.2564384629170883, 0.27615047132568404])]","[ToTensor(), Normalize(mean=[0.5070751592371323, 0.48654887331495095, 0.4409178433670343], std=[0.2673342858792401, 0.2564384629170883, 0.27615047132568404])]",3000,24,cifar10_train,models.gitresnet_ee,1,64,191424,CrossEntropyLoss(),"Adam ( Parameter Group 0     amsgrad: False     betas: (0.9, 0.999)     capturable: False     differentiable: False     eps: 1e-08     foreach: None     fused: None     initial_lr: 0.005     lr: 0.005     maximize: False     weight_decay: 0 )",CosineAnnealingLR ( T_max = 1666 base_lrs = [0.005] eta_min = 0 last_epoch = 0 optimizer = Adam() verbose = False ),4.444875854048296e-9,1666,0.005355663089883617,0.9953333333333333,0.7440517152349154,0.6442
13,0.005,1666,125,easy,"[RandomCrop(size=(32, 32), padding=4), RandomHorizontalFlip(p=0.5), RandomRotation(degrees=[-15.0, 15.0], interpolation=nearest, expand=False, fill=0), ToTensor(), Normalize(mean=[0.5070751592371323, 0.48654887331495095, 0.4409178433670343], std=[0.2673342858792401, 0.2564384629170883, 0.27615047132568404])]","[ToTensor(), Normalize(mean=[0.5070751592371323, 0.48654887331495095, 0.4409178433670343], std=[0.2673342858792401, 0.2564384629170883, 0.27615047132568404])]",3000,24,cifar10_train,models.gitresnet_ee,2,16,182720,CrossEntropyLoss(),"Adam ( Parameter Group 0     amsgrad: False     betas: (0.9, 0.999)     capturable: False     differentiable: False     eps: 1e-08     foreach: None     fused: None     initial_lr: 0.005     lr: 0.005     maximize: False     weight_decay: 0 )",CosineAnnealingLR ( T_max = 1666 base_lrs = [0.005] eta_min = 0 last_epoch = 0 optimizer = Adam() verbose = False ),4.444875854048296e-9,1666,0.0016810329470899887,0.9983333333333333,0.9088364452123642,0.6499
14,0.005,1666,125,easy,"[RandomCrop(size=(32, 32), padding=4), RandomHorizontalFlip(p=0.5), RandomRotation(degrees=[-15.0, 15.0], interpolation=nearest, expand=False, fill=0), ToTensor(), Normalize(mean=[0.5070751592371323, 0.48654887331495095, 0.4409178433670343], std=[0.2673342858792401, 0.2564384629170883, 0.27615047132568404])]","[ToTensor(), Normalize(mean=[0.5070751592371323, 0.48654887331495095, 0.4409178433670343], std=[0.2673342858792401, 0.2564384629170883, 0.27615047132568404])]",3000,24,cifar10_train,models.gitresnet_ee,4,4,178488,CrossEntropyLoss(),"Adam ( Parameter Group 0     amsgrad: False     betas: (0.9, 0.999)     capturable: False     differentiable: False     eps: 1e-08     foreach: None     fused: None     initial_lr: 0.005     lr: 0.005     maximize: False     weight_decay: 0 )",CosineAnnealingLR ( T_max = 1666 base_lrs = [0.005] eta_min = 0 last_epoch = 0 optimizer = Adam() verbose = False ),4.444875854048296e-9,1666,0.0006345532080255604,0.9993333333333333,1.042940186460813,0.6481
15,0.005,2500,125,easy,"[RandomCrop(size=(32, 32), padding=4), RandomHorizontalFlip(p=0.5), RandomRotation(degrees=[-15.0, 15.0], interpolation=nearest, expand=False, fill=0), ToTensor(), Normalize(mean=[0.5070751592371323, 0.48654887331495095, 0.4409178433670343], std=[0.2673342858792401, 0.2564384629170883, 0.27615047132568404])]","[ToTensor(), Normalize(mean=[0.5070751592371323, 0.48654887331495095, 0.4409178433670343], std=[0.2673342858792401, 0.2564384629170883, 0.27615047132568404])]",2000,16,cifar10_train,models.gitresnet_ee,1,64,191424,CrossEntropyLoss(),"Adam ( Parameter Group 0     amsgrad: False     betas: (0.9, 0.999)     capturable: False     differentiable: False     eps: 1e-08     foreach: None     fused: None     initial_lr: 0.005     lr: 0.005     maximize: False     weight_decay: 0 )",CosineAnnealingLR ( T_max = 2500 base_lrs = [0.005] eta_min = 0 last_epoch = 0 optimizer = Adam() verbose = False ),1.9739206205682255e-9,2500,0.001379364321716518,1.0,0.9395039558410645,0.6078
16,0.005,2500,125,easy,"[RandomCrop(size=(32, 32), padding=4), RandomHorizontalFlip(p=0.5), RandomRotation(degrees=[-15.0, 15.0], interpolation=nearest, expand=False, fill=0), ToTensor(), Normalize(mean=[0.5070751592371323, 0.48654887331495095, 0.4409178433670343], std=[0.2673342858792401, 0.2564384629170883, 0.27615047132568404])]","[ToTensor(), Normalize(mean=[0.5070751592371323, 0.48654887331495095, 0.4409178433670343], std=[0.2673342858792401, 0.2564384629170883, 0.27615047132568404])]",2000,16,cifar10_train,models.gitresnet_ee,2,16,182720,CrossEntropyLoss(),"Adam ( Parameter Group 0     amsgrad: False     betas: (0.9, 0.999)     capturable: False     differentiable: False     eps: 1e-08     foreach: None     fused: None     initial_lr: 0.005     lr: 0.005     maximize: False     weight_decay: 0 )",CosineAnnealingLR ( T_max = 2500 base_lrs = [0.005] eta_min = 0 last_epoch = 0 optimizer = Adam() verbose = False ),1.9739206205682255e-9,2500,0.0008789123936973434,0.9995,1.037772817413012,0.6103
17,0.005,2500,125,easy,"[RandomCrop(size=(32, 32), padding=4), RandomHorizontalFlip(p=0.5), RandomRotation(degrees=[-15.0, 15.0], interpolation=nearest, expand=False, fill=0), ToTensor(), Normalize(mean=[0.5070751592371323, 0.48654887331495095, 0.4409178433670343], std=[0.2673342858792401, 0.2564384629170883, 0.27615047132568404])]","[ToTensor(), Normalize(mean=[0.5070751592371323, 0.48654887331495095, 0.4409178433670343], std=[0.2673342858792401, 0.2564384629170883, 0.27615047132568404])]",2000,16,cifar10_train,models.gitresnet_ee,4,4,178488,CrossEntropyLoss(),"Adam ( Parameter Group 0     amsgrad: False     betas: (0.9, 0.999)     capturable: False     differentiable: False     eps: 1e-08     foreach: None     fused: None     initial_lr: 0.005     lr: 0.005     maximize: False     weight_decay: 0 )",CosineAnnealingLR ( T_max = 2500 base_lrs = [0.005] eta_min = 0 last_epoch = 0 optimizer = Adam() verbose = False ),1.9739206205682255e-9,2500,0.00012426042045869204,1.0,1.3112167040507,0.5946
18,0.005,5000,125,easy,"[RandomCrop(size=(32, 32), padding=4), RandomHorizontalFlip(p=0.5), RandomRotation(degrees=[-15.0, 15.0], interpolation=nearest, expand=False, fill=0), ToTensor(), Normalize(mean=[0.5070751592371323, 0.48654887331495095, 0.4409178433670343], std=[0.2673342858792401, 0.2564384629170883, 0.27615047132568404])]","[ToTensor(), Normalize(mean=[0.5070751592371323, 0.48654887331495095, 0.4409178433670343], std=[0.2673342858792401, 0.2564384629170883, 0.27615047132568404])]",1000,8,cifar10_train,models.gitresnet_ee,1,64,191424,CrossEntropyLoss(),"Adam ( Parameter Group 0     amsgrad: False     betas: (0.9, 0.999)     capturable: False     differentiable: False     eps: 1e-08     foreach: None     fused: None     initial_lr: 0.005     lr: 0.005     maximize: False     weight_decay: 0 )",CosineAnnealingLR ( T_max = 5000 base_lrs = [0.005] eta_min = 0 last_epoch = 0 optimizer = Adam() verbose = False ),4.934802039224803e-10,5000,0.00039761402892205905,1.0,1.3697803248961766,0.539
19,0.005,5000,125,easy,"[RandomCrop(size=(32, 32), padding=4), RandomHorizontalFlip(p=0.5), RandomRotation(degrees=[-15.0, 15.0], interpolation=nearest, expand=False, fill=0), ToTensor(), Normalize(mean=[0.5070751592371323, 0.48654887331495095, 0.4409178433670343], std=[0.2673342858792401, 0.2564384629170883, 0.27615047132568404])]","[ToTensor(), Normalize(mean=[0.5070751592371323, 0.48654887331495095, 0.4409178433670343], std=[0.2673342858792401, 0.2564384629170883, 0.27615047132568404])]",1000,8,cifar10_train,models.gitresnet_ee,2,16,182720,CrossEntropyLoss(),"Adam ( Parameter Group 0     amsgrad: False     betas: (0.9, 0.999)     capturable: False     differentiable: False     eps: 1e-08     foreach: None     fused: None     initial_lr: 0.005     lr: 0.005     maximize: False     weight_decay: 0 )",CosineAnnealingLR ( T_max = 5000 base_lrs = [0.005] eta_min = 0 last_epoch = 0 optimizer = Adam() verbose = False ),4.934802039224803e-10,5000,0.000041562883628406176,1.0,1.5606843292713166,0.5197
20,0.005,5000,125,easy,"[RandomCrop(size=(32, 32), padding=4), RandomHorizontalFlip(p=0.5), RandomRotation(degrees=[-15.0, 15.0], interpolation=nearest, expand=False, fill=0), ToTensor(), Normalize(mean=[0.5070751592371323, 0.48654887331495095, 0.4409178433670343], std=[0.2673342858792401, 0.2564384629170883, 0.27615047132568404])]","[ToTensor(), Normalize(mean=[0.5070751592371323, 0.48654887331495095, 0.4409178433670343], std=[0.2673342858792401, 0.2564384629170883, 0.27615047132568404])]",1000,8,cifar10_train,models.gitresnet_ee,4,4,178488,CrossEntropyLoss(),"Adam ( Parameter Group 0     amsgrad: False     betas: (0.9, 0.999)     capturable: False     differentiable: False     eps: 1e-08     foreach: None     fused: None     initial_lr: 0.005     lr: 0.005     maximize: False     weight_decay: 0 )",CosineAnnealingLR ( T_max = 5000 base_lrs = [0.005] eta_min = 0 last_epoch = 0 optimizer = Adam() verbose = False ),4.934802039224803e-10,5000,0.000016857282029529113,1.0,1.9041444738705953,0.4973
21,0.005,500,125,easy,"[RandomCrop(size=(32, 32), padding=4), RandomHorizontalFlip(p=0.5), RandomRotation(degrees=[-15.0, 15.0], interpolation=nearest, expand=False, fill=0), ToTensor(), Normalize(mean=[0.5070751592371323, 0.48654887331495095, 0.4409178433670343], std=[0.2673342858792401, 0.2564384629170883, 0.27615047132568404])]","[ToTensor(), Normalize(mean=[0.5070751592371323, 0.48654887331495095, 0.4409178433670343], std=[0.2673342858792401, 0.2564384629170883, 0.27615047132568404])]",10000,80,cifar10_train,models.gitresnet_ee,8,1,176402,CrossEntropyLoss(),"Adam ( Parameter Group 0     amsgrad: False     betas: (0.9, 0.999)     capturable: False     differentiable: False     eps: 1e-08     foreach: None     fused: None     initial_lr: 0.005     lr: 0.005     maximize: False     weight_decay: 0 )",CosineAnnealingLR ( T_max = 500 base_lrs = [0.005] eta_min = 0 last_epoch = 0 optimizer = Adam() verbose = False ),4.9347859657211604e-8,500,0.04747565321158618,0.9834,1.4781603418290614,0.7742
22,0.005,666,125,easy,"[RandomCrop(size=(32, 32), padding=4), RandomHorizontalFlip(p=0.5), RandomRotation(degrees=[-15.0, 15.0], interpolation=nearest, expand=False, fill=0), ToTensor(), Normalize(mean=[0.5070751592371323, 0.48654887331495095, 0.4409178433670343], std=[0.2673342858792401, 0.2564384629170883, 0.27615047132568404])]","[ToTensor(), Normalize(mean=[0.5070751592371323, 0.48654887331495095, 0.4409178433670343], std=[0.2673342858792401, 0.2564384629170883, 0.27615047132568404])]",7500,60,cifar10_train,models.gitresnet_ee,8,1,176402,CrossEntropyLoss(),"Adam ( Parameter Group 0     amsgrad: False     betas: (0.9, 0.999)     capturable: False     differentiable: False     eps: 1e-08     foreach: None     fused: None     initial_lr: 0.005     lr: 0.005     maximize: False     weight_decay: 0 )",CosineAnnealingLR ( T_max = 666 base_lrs = [0.005] eta_min = 0 last_epoch = 0 optimizer = Adam() verbose = False ),2.781381071487179e-8,666,0.021514461005184178,0.9926666666666667,1.94122756421566,0.7555
23,0.005,1000,125,easy,"[RandomCrop(size=(32, 32), padding=4), RandomHorizontalFlip(p=0.5), RandomRotation(degrees=[-15.0, 15.0], interpolation=nearest, expand=False, fill=0), ToTensor(), Normalize(mean=[0.5070751592371323, 0.48654887331495095, 0.4409178433670343], std=[0.2673342858792401, 0.2564384629170883, 0.27615047132568404])]","[ToTensor(), Normalize(mean=[0.5070751592371323, 0.48654887331495095, 0.4409178433670343], std=[0.2673342858792401, 0.2564384629170883, 0.27615047132568404])]",5000,40,cifar10_train,models.gitresnet_ee,8,1,176402,CrossEntropyLoss(),"Adam ( Parameter Group 0     amsgrad: False     betas: (0.9, 0.999)     capturable: False     differentiable: False     eps: 1e-08     foreach: None     fused: None     initial_lr: 0.005     lr: 0.005     maximize: False     weight_decay: 0 )",CosineAnnealingLR ( T_max = 1000 base_lrs = [0.005] eta_min = 0 last_epoch = 0 optimizer = Adam() verbose = False ),1.2336995354467157e-8,1000,0.006038486280885991,0.9984,2.810644841194153,0.7061
24,0.005,1250,125,easy,"[RandomCrop(size=(32, 32), padding=4), RandomHorizontalFlip(p=0.5), RandomRotation(degrees=[-15.0, 15.0], interpolation=nearest, expand=False, fill=0), ToTensor(), Normalize(mean=[0.5070751592371323, 0.48654887331495095, 0.4409178433670343], std=[0.2673342858792401, 0.2564384629170883, 0.27615047132568404])]","[ToTensor(), Normalize(mean=[0.5070751592371323, 0.48654887331495095, 0.4409178433670343], std=[0.2673342858792401, 0.2564384629170883, 0.27615047132568404])]",4000,32,cifar10_train,models.gitresnet_ee,8,1,176402,CrossEntropyLoss(),"Adam ( Parameter Group 0     amsgrad: False     betas: (0.9, 0.999)     capturable: False     differentiable: False     eps: 1e-08     foreach: None     fused: None     initial_lr: 0.005     lr: 0.005     maximize: False     weight_decay: 0 )",CosineAnnealingLR ( T_max = 1250 base_lrs = [0.005] eta_min = 0 last_epoch = 0 optimizer = Adam() verbose = False ),7.89567936476665e-9,1250,0.0020119506153832845,0.9995,3.084036496281624,0.6954
25,0.005,1666,125,easy,"[RandomCrop(size=(32, 32), padding=4), RandomHorizontalFlip(p=0.5), RandomRotation(degrees=[-15.0, 15.0], interpolation=nearest, expand=False, fill=0), ToTensor(), Normalize(mean=[0.5070751592371323, 0.48654887331495095, 0.4409178433670343], std=[0.2673342858792401, 0.2564384629170883, 0.27615047132568404])]","[ToTensor(), Normalize(mean=[0.5070751592371323, 0.48654887331495095, 0.4409178433670343], std=[0.2673342858792401, 0.2564384629170883, 0.27615047132568404])]",3000,24,cifar10_train,models.gitresnet_ee,8,1,176402,CrossEntropyLoss(),"Adam ( Parameter Group 0     amsgrad: False     betas: (0.9, 0.999)     capturable: False     differentiable: False     eps: 1e-08     foreach: None     fused: None     initial_lr: 0.005     lr: 0.005     maximize: False     weight_decay: 0 )",CosineAnnealingLR ( T_max = 1666 base_lrs = [0.005] eta_min = 0 last_epoch = 0 optimizer = Adam() verbose = False ),4.444875854048296e-9,1666,0.000815543228933772,0.9993333333333333,3.867059762775898,0.6462
26,0.005,2500,125,easy,"[RandomCrop(size=(32, 32), padding=4), RandomHorizontalFlip(p=0.5), RandomRotation(degrees=[-15.0, 15.0], interpolation=nearest, expand=False, fill=0), ToTensor(), Normalize(mean=[0.5070751592371323, 0.48654887331495095, 0.4409178433670343], std=[0.2673342858792401, 0.2564384629170883, 0.27615047132568404])]","[ToTensor(), Normalize(mean=[0.5070751592371323, 0.48654887331495095, 0.4409178433670343], std=[0.2673342858792401, 0.2564384629170883, 0.27615047132568404])]",2000,16,cifar10_train,models.gitresnet_ee,8,1,176402,CrossEntropyLoss(),"Adam ( Parameter Group 0     amsgrad: False     betas: (0.9, 0.999)     capturable: False     differentiable: False     eps: 1e-08     foreach: None     fused: None     initial_lr: 0.005     lr: 0.005     maximize: False     weight_decay: 0 )",CosineAnnealingLR ( T_max = 2500 base_lrs = [0.005] eta_min = 0 last_epoch = 0 optimizer = Adam() verbose = False ),1.9739206205682255e-9,2500,0.00019076104555892925,1.0,4.900643834471703,0.5874
27,0.005,5000,125,easy,"[RandomCrop(size=(32, 32), padding=4), RandomHorizontalFlip(p=0.5), RandomRotation(degrees=[-15.0, 15.0], interpolation=nearest, expand=False, fill=0), ToTensor(), Normalize(mean=[0.5070751592371323, 0.48654887331495095, 0.4409178433670343], std=[0.2673342858792401, 0.2564384629170883, 0.27615047132568404])]","[ToTensor(), Normalize(mean=[0.5070751592371323, 0.48654887331495095, 0.4409178433670343], std=[0.2673342858792401, 0.2564384629170883, 0.27615047132568404])]",1000,8,cifar10_train,models.gitresnet_ee,8,1,176402,CrossEntropyLoss(),"Adam ( Parameter Group 0     amsgrad: False     betas: (0.9, 0.999)     capturable: False     differentiable: False     eps: 1e-08     foreach: None     fused: None     initial_lr: 0.005     lr: 0.005     maximize: False     weight_decay: 0 )",CosineAnnealingLR ( T_max = 5000 base_lrs = [0.005] eta_min = 0 last_epoch = 0 optimizer = Adam() verbose = False ),4.934802039224803e-10,5000,0.00003346506396439963,1.0,7.0245676279068,0.4797
